id, time, RAWvalue, PrettyValue
36179, "208,635795897804", "194", "4,74"
36180, "208,67606729758", "191", "4,66"
36181, "208,67606729758", "195", "4,76"
36182, "208,682392097777", "192", "4,69"
36183, "208,682392097777", "195", "4,76"
36184, "208,682392097777", "195", "4,76"
36185, "208,699927497888", "193", "4,71"
36186, "208,703223097837", "196", "4,79"
36187, "208,726469698129", "193", "4,71"
36188, "208,726469698129", "196", "4,79"
36189, "208,754158198135", "197", "4,81"
36190, "208,754158198135", "194", "4,74"
36191, "208,757578598103", "198", "4,83"
36192, "208,764073197963", "195", "4,76"
36193, "208,777329297969", "198", "4,83"
36194, "208,802503098035", "198", "4,83"
36195, "208,802503098035", "196", "4,79"
36196, "208,805968298111", "199", "4,86"
36197, "208,824226698373", "197", "4,81"
36198, "208,829890298191", "199", "4,86"
36199, "208,83312209812", "200", "4,88"
36200, "208,8492336981", "198", "4,83"
36201, "208,853022198193", "201", "4,91"
36202, "208,876452698139", "198", "4,83"
36203, "208,876452698139", "201", "4,91"
36204, "208,905973298009", "201", "4,91"
36205, "208,905973298009", "199", "4,86"
36206, "208,905973298009", "203", "4,96"
36207, "208,924618798075", "199", "4,86"
36208, "208,927691198187", "202", "4,93"
36209, "208,95080619771", "203", "4,96"
36210, "208,95080619771", "200", "4,88"
36211, "208,954157397617", "204", "4,98"
36212, "208,979110897752", "201", "4,91"
36213, "208,979110897752", "203", "4,96"
36214, "208,999177797697", "204", "4,98"
36215, "209,002447297797", "201", "4,91"
36216, "209,007920197677", "205", "5,00"
36217, "209,025678297505", "202", "4,93"
36218, "209,025678297505", "204", "4,98"
36219, "209,034173897235", "205", "5,00"
36220, "209,053341897437", "202", "4,93"
36221, "209,053341897437", "206", "5,03"
36222, "209,07595409709", "203", "4,96"
36223, "209,07595409709", "206", "5,03"
36224, "209,101394097088", "206", "5,03"
36225, "209,101394097088", "203", "4,96"
36226, "209,101394097088", "207", "5,05"
36227, "209,130073397188", "204", "4,98"
36228, "209,130073397188", "207", "5,05"
36229, "209,130073397188", "207", "5,05"
36230, "209,153019797523", "204", "4,98"
36231, "209,153019797523", "208", "5,08"
36232, "209,163248097524", "205", "5,00"
36233, "209,179060697556", "207", "5,05"
36234, "209,200062097283", "207", "5,05"
36235, "209,200062097283", "205", "5,00"
36236, "209,203734697308", "209", "5,10"
36237, "209,229101297446", "205", "5,00"
36238, "209,229101297446", "208", "5,08"
36239, "209,232636597473", "208", "5,08"
36240, "209,249120797496", "206", "5,03"
36241, "209,252478097565", "209", "5,10"
36242, "209,275690497365", "206", "5,03"
36243, "209,275690497365", "209", "5,10"
36244, "209,312327097636", "209", "5,10"
36245, "209,312327097636", "206", "5,03"
36246, "209,317550397478", "210", "5,13"
36247, "209,317550397478", "207", "5,05"
36248, "209,326563797425", "209", "5,10"
36249, "209,352285397006", "209", "5,10"
36250, "209,352285397006", "207", "5,05"
36251, "209,352285397006", "210", "5,13"
36252, "209,375291097211", "207", "5,05"
36253, "209,382466897136", "209", "5,10"
36254, "209,382466897136", "210", "5,13"
36255, "209,399073296925", "207", "5,05"
36256, "209,402536896989", "211", "5,15"
36257, "209,425811996683", "207", "5,05"
36258, "209,425811996683", "210", "5,13"
36259, "209,435648396611", "210", "5,13"
36260, "209,454469196498", "207", "5,05"
36261, "209,454469196498", "211", "5,15"
36262, "209,473463496193", "207", "5,05"
36263, "209,476942096138", "210", "5,13"
36264, "209,483435596107", "210", "5,13"
36265, "209,502405296313", "207", "5,05"
36266, "209,502405296313", "211", "5,15"
36267, "209,524651896209", "208", "5,08"
36268, "209,530867396388", "210", "5,13"
36269, "209,549268596107", "210", "5,13"
36270, "209,552487696055", "207", "5,05"
36271, "209,552487696055", "211", "5,15"
36272, "209,575676296372", "207", "5,05"
36273, "209,575676296372", "210", "5,13"
36274, "209,602538896492", "210", "5,13"
36275, "209,602538896492", "207", "5,05"
36276, "209,602538896492", "211", "5,15"
36277, "209,625458796974", "207", "5,05"
36278, "209,625458796974", "210", "5,13"
36279, "209,632490497082", "210", "5,13"
36280, "209,651016697055", "207", "5,05"
36281, "209,651016697055", "211", "5,15"
36282, "209,67906459677", "207", "5,05"
36283, "209,67906459677", "210", "5,13"
36284, "209,701970696682", "210", "5,13"
36285, "209,701970696682", "207", "5,05"
36286, "209,701970696682", "211", "5,15"
36287, "209,726506796898", "207", "5,05"
36288, "209,726506796898", "209", "5,10"
36289, "209,749082197435", "210", "5,13"
36290, "209,754240297247", "207", "5,05"
36291, "209,754240297247", "211", "5,15"
36292, "209,773483897094", "207", "5,05"
36293, "209,777488097083", "209", "5,10"
36294, "209,802140597021", "209", "5,10"
36295, "209,802140597021", "207", "5,05"
36296, "209,805692496942", "210", "5,13"
36297, "209,830760196783", "207", "5,05"
36298, "209,830760196783", "209", "5,10"
36299, "209,830760196783", "209", "5,10"
36300, "209,849073996767", "207", "5,05"
36301, "209,854248596821", "210", "5,13"
36302, "209,875702896621", "207", "5,05"
36303, "209,875702896621", "209", "5,10"
36304, "209,900766496779", "209", "5,10"
36305, "209,906775296899", "206", "5,03"
36306, "209,906775296899", "209", "5,10"
36307, "210,22564239637", "206", "5,03"
36308, "210,232433096273", "208", "5,08"
36309, "210,232433096273", "208", "5,08"
36310, "210,232433096273", "206", "5,03"
36311, "210,235894296318", "209", "5,10"
36312, "210,242360896431", "206", "5,03"
36313, "210,242360896431", "208", "5,08"
36314, "210,242360896431", "208", "5,08"
36315, "210,242360896431", "206", "5,03"
36316, "210,242360896431", "209", "5,10"
36317, "210,242360896431", "205", "5,00"
36318, "210,242360896431", "207", "5,05"
36319, "210,242360896431", "208", "5,08"
36320, "210,242360896431", "205", "5,00"
36321, "210,242360896431", "208", "5,08"
36322, "210,242360896431", "205", "5,00"
36323, "210,242360896431", "207", "5,05"
36324, "210,242360896431", "207", "5,05"
36325, "210,242360896431", "204", "4,98"
36326, "210,242360896431", "208", "5,08"
36327, "210,242360896431", "205", "5,00"
36328, "210,242360896431", "207", "5,05"
36329, "210,242360896431", "207", "5,05"
36330, "210,242360896431", "204", "4,98"
36331, "210,242360896431", "208", "5,08"
36332, "210,242360896431", "204", "4,98"
36333, "210,242360896431", "206", "5,03"
36334, "210,242360896431", "207", "5,05"
36335, "210,242360896431", "204", "4,98"
36336, "210,242360896431", "207", "5,05"
36337, "210,242360896431", "204", "4,98"
36338, "210,242360896431", "206", "5,03"
36339, "210,242360896431", "206", "5,03"
36340, "210,242360896431", "204", "4,98"
36341, "210,250822996721", "207", "5,05"
36342, "210,277470496949", "203", "4,96"
36343, "210,277470496949", "206", "5,03"
36344, "210,301412897417", "206", "5,03"
36345, "210,301412897417", "203", "4,96"
36346, "210,312378397444", "206", "5,03"
36347, "210,312378397444", "203", "4,96"
36348, "210,325697197579", "205", "5,00"
36349, "210,34995439765", "205", "5,00"
36350, "210,353149397764", "203", "4,96"
36351, "210,353149397764", "206", "5,03"
36352, "210,375650798203", "203", "4,96"
36353, "210,375650798203", "205", "5,00"
36354, "210,402439397993", "205", "5,00"
36355, "210,402439397993", "203", "4,96"
36356, "210,402439397993", "206", "5,03"
36357, "210,412364398129", "202", "4,93"
36358, "210,424225698458", "205", "5,00"
36359, "210,450544098625", "205", "5,00"
36360, "210,450544098625", "202", "4,93"
36361, "210,455863198498", "205", "5,00"
36362, "210,474280298455", "202", "4,93"
36363, "210,477577098412", "204", "4,98"
36364, "210,502469998319", "204", "4,98"
36365, "210,502469998319", "201", "4,91"
36366, "210,502469998319", "205", "5,00"
36367, "210,529212098103", "202", "4,93"
36368, "210,529212098103", "204", "4,98"
36369, "210,532420498086", "204", "4,98"
36370, "210,549108698033", "201", "4,91"
36371, "210,552469098009", "205", "5,00"
36372, "210,586683298228", "201", "4,91"
36373, "210,590283798287", "204", "4,98"
36374, "210,590283798287", "204", "4,98"
36375, "210,590283798287", "201", "4,91"
36376, "210,630802597851", "204", "4,98"
36377, "210,630802597851", "201", "4,91"
36378, "210,630802597851", "203", "4,96"
36379, "210,636694697663", "204", "4,98"
36380, "210,650748197688", "201", "4,91"
36381, "210,650748197688", "204", "4,98"
36382, "210,676512697479", "200", "4,88"
36383, "210,676512697479", "203", "4,96"
36384, "210,704199097119", "203", "4,96"
36385, "210,704199097119", "200", "4,88"
36386, "210,704199097119", "204", "4,98"
36387, "210,725778697291", "200", "4,88"
36388, "210,725778697291", "203", "4,96"
36389, "210,732416597428", "203", "4,96"
36390, "210,753411797108", "200", "4,88"
36391, "210,753411797108", "204", "4,98"
36392, "210,776496097445", "200", "4,88"
36393, "210,776496097445", "202", "4,93"
36394, "210,799049897585", "202", "4,93"
36395, "210,80595359765", "200", "4,88"
36396, "210,80595359765", "203", "4,96"
36397, "210,824643197702", "199", "4,86"
36398, "210,827661397634", "202", "4,93"
36399, "210,83328009746", "202", "4,93"
36400, "210,850752797211", "199", "4,86"
36401, "210,850752797211", "203", "4,96"
36402, "210,879156896612", "199", "4,86"
36403, "210,879156896612", "202", "4,93"
36404, "210,882486696588", "202", "4,93"
36405, "210,90075859637", "199", "4,86"
36406, "210,90075859637", "203", "4,96"
36407, "210,925758496625", "199", "4,86"
36408, "210,925758496625", "202", "4,93"
36409, "210,934298196575", "202", "4,93"
36410, "210,953403996537", "199", "4,86"
36411, "210,953403996537", "203", "4,96"
36412, "210,973862996558", "199", "4,86"
36413, "210,979962296551", "201", "4,91"
36414, "210,999169096584", "202", "4,93"
36415, "211,002095996635", "199", "4,86"
36416, "211,002095996635", "202", "4,93"
36417, "211,025762796868", "199", "4,86"
36418, "211,025762796868", "201", "4,91"
36419, "211,052526597166", "202", "4,93"
36420, "211,0562460972", "199", "4,86"
36421, "211,0562460972", "202", "4,93"
36422, "211,076003096998", "199", "4,86"
36423, "211,076003096998", "201", "4,91"
36424, "211,101415396901", "201", "4,91"
36425, "211,101415396901", "199", "4,86"
36426, "211,101415396901", "202", "4,93"
36427, "211,124095797073", "199", "4,86"
36428, "211,129929397255", "201", "4,91"
36429, "211,13303839718", "201", "4,91"
36430, "211,149127797224", "199", "4,86"
36431, "211,152702997206", "202", "4,93"
36432, "211,179323497228", "199", "4,86"
36433, "211,179323497228", "201", "4,91"
36434, "211,199273697566", "201", "4,91"
36435, "211,202529797563", "199", "4,86"
36436, "211,202529797563", "202", "4,93"
36437, "211,234236297896", "199", "4,86"
36438, "211,237886497984", "201", "4,91"
36439, "211,237886497984", "201", "4,91"
36440, "211,244077197975", "198", "4,83"
36441, "211,253336798167", "202", "4,93"
36442, "211,27713199798", "198", "4,83"
36443, "211,27713199798", "201", "4,91"
36444, "211,308987998171", "201", "4,91"
36445, "211,308987998171", "198", "4,83"
36446, "211,308987998171", "201", "4,91"
36447, "211,324353098171", "198", "4,83"
36448, "211,329064298188", "200", "4,88"
36449, "211,334157197969", "200", "4,88"
36450, "211,354959298158", "198", "4,83"
36451, "211,354959298158", "201", "4,91"
36452, "211,377093198244", "198", "4,83"
36453, "211,377093198244", "200", "4,88"
36454, "211,402566298377", "200", "4,88"
36455, "211,402566298377", "198", "4,83"
36456, "211,402566298377", "201", "4,91"
36457, "211,425685198512", "198", "4,83"
36458, "211,425685198512", "200", "4,88"
36459, "211,450875098817", "200", "4,88"
36460, "211,450875098817", "198", "4,83"
36461, "211,453950798837", "201", "4,91"
36462, "211,47740049893", "198", "4,83"
36463, "211,47740049893", "200", "4,88"
36464, "211,504437599098", "200", "4,88"
36465, "211,504437599098", "198", "4,83"
36466, "211,504437599098", "201", "4,91"
36467, "211,525634498801", "198", "4,83"
36468, "211,525634498801", "200", "4,88"
36469, "211,532112098765", "200", "4,88"
36470, "211,549997799098", "198", "4,83"
36471, "211,549997799098", "201", "4,91"
36472, "211,579230199102", "198", "4,83"
36473, "211,579230199102", "200", "4,88"
36474, "211,582445399137", "200", "4,88"
36475, "211,599218099145", "198", "4,83"
36476, "211,605456599267", "201", "4,91"
36477, "211,625838898821", "197", "4,81"
36478, "211,625838898821", "200", "4,88"
36479, "211,649077398703", "200", "4,88"
36480, "211,654225298669", "197", "4,81"
36481, "211,654225298669", "201", "4,91"
36482, "211,673526898259", "197", "4,81"
36483, "211,677342798328", "200", "4,88"
36484, "211,682497598464", "200", "4,88"
36485, "211,702577898279", "197", "4,81"
36486, "211,702577898279", "201", "4,91"
36487, "211,724936098093", "197", "4,81"
36488, "211,729902998311", "199", "4,86"
36489, "211,733241998358", "199", "4,86"
36490, "211,751744698035", "197", "4,81"
36491, "211,751744698035", "201", "4,91"
36492, "211,775746498024", "197", "4,81"
36493, "211,775746498024", "199", "4,86"
36494, "211,799854897894", "199", "4,86"
36495, "211,80592449801", "197", "4,81"
36496, "211,80592449801", "200", "4,88"
36497, "211,824322497938", "197", "4,81"
36498, "211,82744169794", "199", "4,86"
36499, "211,869151998544", "199", "4,86"
36500, "211,872581598582", "197", "4,81"
36501, "211,872581598582", "200", "4,88"
36502, "211,878851198358", "197", "4,81"
36503, "211,878851198358", "199", "4,86"
36504, "211,949101798469", "199", "4,86"
36505, "211,949101798469", "197", "4,81"
36506, "211,949101798469", "200", "4,88"
36507, "211,949101798469", "197", "4,81"
36508, "211,952500398504", "199", "4,86"
36509, "211,952500398504", "199", "4,86"
36510, "211,952500398504", "196", "4,79"
36511, "211,952500398504", "200", "4,88"
36512, "211,975639798446", "196", "4,79"
36513, "211,975639798446", "199", "4,86"
36514, "212,001230298541", "199", "4,86"
36515, "212,001230298541", "197", "4,81"
36516, "212,006834198721", "200", "4,88"
36517, "212,027419398539", "196", "4,79"
36518, "212,027419398539", "199", "4,86"
36519, "212,037650098791", "199", "4,86"
36520, "212,049153998727", "196", "4,79"
36521, "212,052654898725", "200", "4,88"
36522, "212,077381898882", "196", "4,79"
36523, "212,077381898882", "199", "4,86"
36524, "212,082506398903", "199", "4,86"
36525, "212,099160498939", "196", "4,79"
36526, "212,10249259905", "200", "4,88"
36527, "212,126556599047", "196", "4,79"
36528, "212,126556599047", "199", "4,86"
36529, "212,155126799596", "199", "4,86"
36530, "212,155126799596", "196", "4,79"
36531, "212,155126799596", "200", "4,88"
36532, "212,176219699439", "196", "4,79"
36533, "212,182916699443", "199", "4,86"
36534, "212,182916699443", "199", "4,86"
36535, "212,201673299307", "196", "4,79"
36536, "212,201673299307", "199", "4,86"
36537, "212,227430099156", "196", "4,79"
36538, "212,227430099156", "199", "4,86"
36539, "212,230840399163", "199", "4,86"
36540, "212,255559599493", "196", "4,79"
36541, "212,255559599493", "199", "4,86"
36542, "212,274562099716", "196", "4,79"
36543, "212,274562099716", "199", "4,86"
36544, "212,302233999129", "199", "4,86"
36545, "212,302233999129", "196", "4,79"
36546, "212,302233999129", "199", "4,86"
36547, "212,326587799238", "196", "4,79"
36548, "212,326587799238", "199", "4,86"
36549, "212,354866999201", "199", "4,86"
36550, "212,354866999201", "196", "4,79"
36551, "212,354866999201", "199", "4,86"
36552, "212,375598299317", "196", "4,79"
36553, "212,375598299317", "199", "4,86"
36554, "212,39939919929", "199", "4,86"
36555, "212,402574699372", "196", "4,79"
36556, "212,402574699372", "199", "4,86"
36557, "212,429096799111", "196", "4,79"
36558, "212,429096799111", "198", "4,83"
36559, "212,434340499109", "199", "4,86"
36560, "212,452540499158", "196", "4,79"
36561, "212,452540499158", "199", "4,86"
36562, "212,475313699339", "196", "4,79"
36563, "212,475313699339", "199", "4,86"
36564, "212,516697099665", "198", "4,83"
36565, "212,516697099665", "196", "4,79"
36566, "212,516697099665", "199", "4,86"
36567, "212,519802699564", "196", "4,79"
36568, "212,525863799499", "198", "4,83"
36569, "212,553395699244", "198", "4,83"
36570, "212,553395699244", "196", "4,79"
36571, "212,553395699244", "199", "4,86"
36572, "212,576002399437", "195", "4,76"
36573, "212,576002399437", "198", "4,83"
36574, "212,599160999525", "198", "4,83"
36575, "212,602622699458", "196", "4,79"
36576, "212,602622699458", "199", "4,86"
36577, "212,624514599796", "195", "4,76"
36578, "212,627525699791", "198", "4,83"
36579, "212,633264599834", "198", "4,83"
36580, "212,652614099439", "195", "4,76"
36581, "212,652614099439", "199", "4,86"
36582, "212,674592599506", "195", "4,76"
36583, "212,680781099712", "198", "4,83"
36584, "212,700873699738", "198", "4,83"
36585, "212,700873699738", "195", "4,76"
36586, "212,704255699646", "199", "4,86"
36587, "212,724236599635", "196", "4,79"
36588, "212,729955499526", "198", "4,83"
36589, "212,752860399662", "198", "4,83"
36590, "212,752860399662", "195", "4,76"
36591, "212,759036999894", "199", "4,86"
36592, "212,776517399587", "195", "4,76"
36593, "212,776517399587", "198", "4,83"
36594, "212,804441699758", "198", "4,83"
36595, "212,804441699758", "196", "4,79"
36596, "212,804441699758", "199", "4,86"
36597, "212,825631899992", "195", "4,76"
36598, "212,825631899992", "198", "4,83"
36599, "212,832074399805", "198", "4,83"
36600, "212,850055400049", "195", "4,76"
36601, "212,853431500029", "199", "4,86"
36602, "212,875665900297", "195", "4,76"
36603, "212,875665900297", "198", "4,83"
36604, "212,902547200443", "198", "4,83"
36605, "212,902547200443", "195", "4,76"
36606, "212,902547200443", "199", "4,86"
36607, "212,925763900625", "196", "4,79"
36608, "212,925763900625", "198", "4,83"
36609, "212,950139000546", "198", "4,83"
36610, "212,950139000546", "195", "4,76"
36611, "212,95324050053", "199", "4,86"
36612, "212,975802900735", "195", "4,76"
36613, "212,975802900735", "198", "4,83"
36614, "213,003393100575", "198", "4,83"
36615, "213,003393100575", "196", "4,79"
36616, "213,003393100575", "199", "4,86"
36617, "213,025007900549", "195", "4,76"
36618, "213,030878300546", "198", "4,83"
36619, "213,030878300546", "198", "4,83"
36620, "213,05056970031", "195", "4,76"
36621, "213,05056970031", "199", "4,86"
36622, "213,076918400126", "195", "4,76"
36623, "213,076918400126", "198", "4,83"
36624, "213,103309700266", "198", "4,83"
36625, "213,103309700266", "195", "4,76"
36626, "213,109027300496", "199", "4,86"
36627, "213,112395700533", "195", "4,76"
36628, "213,148873000871", "198", "4,83"
36629, "213,148873000871", "198", "4,83"
36630, "213,154882100876", "195", "4,76"
36631, "213,154882100876", "199", "4,86"
36632, "213,172600000864", "195", "4,76"
36633, "213,176499700872", "198", "4,83"
36634, "213,203068700852", "198", "4,83"
36635, "213,209456400713", "196", "4,79"
36636, "213,209456400713", "199", "4,86"
36637, "213,226539400639", "195", "4,76"
36638, "213,226539400639", "198", "4,83"
36639, "213,235730300657", "198", "4,83"
36640, "213,254469700623", "195", "4,76"
36641, "213,254469700623", "199", "4,86"
36642, "213,275760600576", "195", "4,76"
36643, "213,275760600576", "198", "4,83"
36644, "213,299216200365", "198", "4,83"
36645, "213,310697000241", "195", "4,76"
36646, "213,310697000241", "199", "4,86"
36647, "213,310697000241", "195", "4,76"
36648, "213,329100000672", "198", "4,83"
36649, "213,349411900621", "198", "4,83"
36650, "213,352503500646", "195", "4,76"
36651, "213,352503500646", "199", "4,86"
36652, "213,375647500623", "195", "4,76"
36653, "213,379600000568", "198", "4,83"
36654, "213,385846900754", "198", "4,83"
36655, "213,399403800722", "195", "4,76"
36656, "213,405972200911", "199", "4,86"
36657, "213,425714200828", "195", "4,76"
36658, "213,425714200828", "198", "4,83"
36659, "213,435837900732", "198", "4,83"
36660, "213,450533500873", "195", "4,76"
36661, "213,450533500873", "199", "4,86"
36662, "213,475716901012", "195", "4,76"
36663, "213,475716901012", "198", "4,83"
36664, "213,485729101114", "198", "4,83"
36665, "213,50334370113", "195", "4,76"
36666, "213,50334370113", "199", "4,86"
36667, "213,530038201017", "195", "4,76"
36668, "213,530038201017", "198", "4,83"
36669, "213,550678501138", "198", "4,83"
36670, "213,550678501138", "195", "4,76"
36671, "213,556965200929", "199", "4,86"
36672, "213,575836600736", "195", "4,76"
36673, "213,575836600736", "198", "4,83"
36674, "213,603440100793", "198", "4,83"
36675, "213,603440100793", "195", "4,76"
36676, "213,603440100793", "199", "4,86"
36677, "213,625947100343", "195", "4,76"
36678, "213,625947100343", "198", "4,83"
36679, "213,632021900499", "198", "4,83"
36680, "213,650033900514", "195", "4,76"
36681, "213,650033900514", "199", "4,86"
36682, "213,676820100751", "195", "4,76"
36683, "213,676820100751", "198", "4,83"
36684, "213,705306000775", "198", "4,83"
36685, "213,705306000775", "195", "4,76"
36686, "213,705306000775", "199", "4,86"
36687, "213,726515400922", "195", "4,76"
36688, "213,726515400922", "198", "4,83"
36689, "213,750057701021", "198", "4,83"
36690, "213,753383700969", "195", "4,76"
36691, "213,753383700969", "199", "4,86"
36692, "213,795907500433", "195", "4,76"
36693, "213,795907500433", "198", "4,83"
36694, "213,795907500433", "198", "4,83"
36695, "213,795907500433", "195", "4,76"
36696, "213,826635400532", "199", "4,86"
36697, "213,826635400532", "195", "4,76"
36698, "213,826635400532", "198", "4,83"
36699, "213,832581800641", "198", "4,83"
36700, "213,850248600822", "195", "4,76"
36701, "213,850248600822", "199", "4,86"
36702, "213,875801400747", "195", "4,76"
36703, "213,875801400747", "198", "4,83"
36704, "213,905844500521", "198", "4,83"
36705, "213,905844500521", "195", "4,76"
36706, "213,905844500521", "198", "4,83"
36707, "213,924322900828", "195", "4,76"
36708, "213,927270300919", "198", "4,83"
36709, "213,94996320107", "198", "4,83"
36710, "213,95332280104", "195", "4,76"
36711, "213,95332280104", "199", "4,86"
36712, "213,975645801285", "195", "4,76"
36713, "213,975645801285", "198", "4,83"
36714, "214,002550301841", "198", "4,83"
36715, "214,005864401814", "195", "4,76"
36716, "214,005864401814", "198", "4,83"
36717, "214,025811502011", "195", "4,76"
36718, "214,025811502011", "198", "4,83"
36719, "214,030774501851", "198", "4,83"
36720, "214,048894801643", "195", "4,76"
36721, "214,052078101551", "198", "4,83"
36722, "214,075747901574", "195", "4,76"
36723, "214,075747901574", "198", "4,83"
36724, "214,099540101131", "197", "4,81"
36725, "214,10599610093", "195", "4,76"
36726, "214,10599610093", "198", "4,83"
36727, "214,115783700719", "195", "4,76"
36728, "214,125686800806", "197", "4,81"
36729, "214,149083400611", "197", "4,81"
36730, "214,155872300733", "195", "4,76"
36731, "214,155872300733", "199", "4,86"
36732, "214,17426330084", "195", "4,76"
36733, "214,177456900943", "197", "4,81"
36734, "214,200889601139", "197", "4,81"
36735, "214,200889601139", "195", "4,76"
36736, "214,204396201065", "198", "4,83"
36737, "214,209994801087", "195", "4,76"
36738, "214,227365701227", "197", "4,81"
36739, "214,25255890144", "198", "4,83"
36740, "214,25255890144", "195", "4,76"
36741, "214,25255890144", "198", "4,83"
36742, "214,279183501145", "195", "4,76"
36743, "214,279183501145", "198", "4,83"
36744, "214,282485001255", "197", "4,81"
36745, "214,298433600692", "195", "4,76"
36746, "214,298433600692", "198", "4,83"
36747, "214,326026900904", "195", "4,76"
36748, "214,326026900904", "197", "4,81"
36749, "214,350948300911", "197", "4,81"
36750, "214,354167500976", "195", "4,76"
36751, "214,354167500976", "198", "4,83"
36752, "214,378722601105", "195", "4,76"
36753, "214,378722601105", "197", "4,81"
36754, "214,400942901382", "197", "4,81"
36755, "214,400942901382", "195", "4,76"
36756, "214,40680690133", "198", "4,83"
36757, "214,432626501191", "195", "4,76"
36758, "214,435864501167", "197", "4,81"
36759, "214,435864501167", "198", "4,83"
36760, "214,450645101024", "195", "4,76"
36761, "214,450645101024", "198", "4,83"
36762, "214,477545300964", "195", "4,76"
36763, "214,477545300964", "197", "4,81"
36764, "214,499134101206", "197", "4,81"
36765, "214,502480701311", "195", "4,76"
36766, "214,502480701311", "198", "4,83"
36767, "214,525713801617", "195", "4,76"
36768, "214,525713801617", "197", "4,81"
36769, "214,550948101329", "197", "4,81"
36770, "214,550948101329", "195", "4,76"
36771, "214,550948101329", "198", "4,83"
36772, "214,57732960186", "195", "4,76"
36773, "214,57732960186", "197", "4,81"
36774, "214,598890702007", "197", "4,81"
36775, "214,605038202135", "195", "4,76"
36776, "214,605038202135", "198", "4,83"
36777, "214,625630802009", "195", "4,76"
36778, "214,625630802009", "197", "4,81"
36779, "214,632037702017", "198", "4,83"
36780, "214,649247501744", "195", "4,76"
36781, "214,65213310183", "198", "4,83"
36782, "214,675726901973", "195", "4,76"
36783, "214,675726901973", "198", "4,83"
36784, "214,702230802504", "198", "4,83"
36785, "214,702230802504", "195", "4,76"
36786, "214,702230802504", "199", "4,86"
36787, "214,72850190266", "195", "4,76"
36788, "214,72850190266", "198", "4,83"
36789, "214,731339902617", "198", "4,83"
36790, "214,749845202779", "195", "4,76"
36791, "214,756016302621", "199", "4,86"
36792, "214,77434550249", "195", "4,76"
36793, "214,778381002368", "198", "4,83"
36794, "214,804299701937", "198", "4,83"
36795, "214,804299701937", "196", "4,79"
36796, "214,804299701937", "199", "4,86"
36797, "214,823446501512", "195", "4,76"
36798, "214,827980101574", "198", "4,83"
36799, "214,834131001495", "199", "4,86"
36800, "214,849134401418", "196", "4,79"
36801, "214,855029601604", "199", "4,86"
36802, "214,873662101571", "196", "4,79"
36803, "214,876950701466", "199", "4,86"
36804, "214,900158301229", "199", "4,86"
36805, "214,900158301229", "196", "4,79"
36806, "214,903255401179", "200", "4,88"
36807, "214,929148301017", "196", "4,79"
36808, "214,929148301017", "199", "4,86"
36809, "214,94917390123", "199", "4,86"
36810, "214,952645201236", "197", "4,81"
36811, "214,952645201236", "200", "4,88"
36812, "214,976653701393", "197", "4,81"
36813, "214,976653701393", "199", "4,86"
36814, "214,999110001838", "199", "4,86"
36815, "215,004306202056", "198", "4,83"
36816, "215,004306202056", "201", "4,91"
36817, "215,025562302209", "197", "4,81"
36818, "215,025562302209", "200", "4,88"
36819, "215,030808402225", "200", "4,88"
36820, "215,074268402765", "198", "4,83"
36821, "215,074268402765", "201", "4,91"
36822, "215,074268402765", "198", "4,83"
36823, "215,074268402765", "201", "4,91"
36824, "215,102579602972", "201", "4,91"
36825, "215,102579602972", "198", "4,83"
36826, "215,102579602972", "201", "4,91"
36827, "215,124268003041", "199", "4,86"
36828, "215,130025502993", "201", "4,91"
36829, "215,151553703472", "201", "4,91"
36830, "215,157109103631", "199", "4,86"
36831, "215,157109103631", "202", "4,93"
36832, "215,174253803678", "199", "4,86"
36833, "215,174253803678", "201", "4,91"
36834, "215,202570203459", "201", "4,91"
36835, "215,202570203459", "199", "4,86"
36836, "215,202570203459", "202", "4,93"
36837, "215,229979804019", "199", "4,86"
36838, "215,229979804019", "202", "4,93"
36839, "215,232978103915", "202", "4,93"
36840, "215,257382903947", "199", "4,86"
36841, "215,257382903947", "203", "4,96"
36842, "215,26669730409", "199", "4,86"
36843, "215,275734804105", "202", "4,93"
36844, "215,312499904074", "202", "4,93"
36845, "215,312499904074", "200", "4,88"
36846, "215,312499904074", "203", "4,96"
36847, "215,325809703907", "200", "4,88"
36848, "215,325809703907", "203", "4,96"
36849, "215,350002604071", "202", "4,93"
36850, "215,353304504184", "200", "4,88"
36851, "215,359025104204", "204", "4,98"
36852, "215,375710604014", "200", "4,88"
36853, "215,375710604014", "203", "4,96"
36854, "215,386056503747", "203", "4,96"
36855, "215,39923400362", "200", "4,88"
36856, "215,404411903815", "204", "4,98"
36857, "215,425437404076", "200", "4,88"
36858, "215,425437404076", "203", "4,96"
36859, "215,433784303954", "203", "4,96"
36860, "215,450112903956", "200", "4,88"
36861, "215,450112903956", "204", "4,98"
36862, "215,473573303781", "200", "4,88"
36863, "215,476896503707", "203", "4,96"
36864, "215,482506503584", "203", "4,96"
36865, "215,502576503437", "201", "4,91"
36866, "215,502576503437", "204", "4,98"
36867, "215,526048703585", "201", "4,91"
36868, "215,526048703585", "203", "4,96"
36869, "215,550881304312", "203", "4,96"
36870, "215,550881304312", "201", "4,91"
36871, "215,554617304355", "204", "4,98"
36872, "215,580756604439", "201", "4,91"
36873, "215,580756604439", "204", "4,98"
36874, "215,580756604439", "204", "4,98"
36875, "215,600049104076", "201", "4,91"
36876, "215,600049104076", "204", "4,98"
36877, "215,626621103846", "201", "4,91"
36878, "215,626621103846", "204", "4,98"
36879, "215,636039704084", "204", "4,98"
36880, "215,653601904167", "201", "4,91"
36881, "215,653601904167", "204", "4,98"
36882, "215,679979904322", "201", "4,91"
36883, "215,679979904322", "204", "4,98"
36884, "215,707312304527", "204", "4,98"
36885, "215,710272104479", "201", "4,91"
36886, "215,710272104479", "205", "5,00"
36887, "215,710272104479", "201", "4,91"
36888, "215,724308504257", "204", "4,98"
36889, "215,750808504177", "204", "4,98"
36890, "215,750808504177", "201", "4,91"
36891, "215,753806304187", "205", "5,00"
36892, "215,776684304466", "201", "4,91"
36893, "215,776684304466", "204", "4,98"
36894, "215,804527604487", "204", "4,98"
36895, "215,804527604487", "202", "4,93"
36896, "215,804527604487", "205", "5,00"
36897, "215,825910504675", "201", "4,91"
36898, "215,825910504675", "204", "4,98"
36899, "215,832465004874", "204", "4,98"
36900, "215,852136604488", "201", "4,91"
36901, "215,852136604488", "205", "5,00"
36902, "215,87904920429", "201", "4,91"
36903, "215,87904920429", "204", "4,98"
36904, "215,905146404402", "204", "4,98"
36905, "215,905146404402", "201", "4,91"
36906, "215,905146404402", "205", "5,00"
36907, "215,926415904425", "201", "4,91"
36908, "215,926415904425", "204", "4,98"
36909, "215,952488003997", "204", "4,98"
36910, "215,952488003997", "201", "4,91"
36911, "215,952488003997", "205", "5,00"
36912, "215,975850204006", "201", "4,91"
36913, "215,975850204006", "204", "4,98"
36914, "216,005916503957", "204", "4,98"
36915, "216,005916503957", "201", "4,91"
36916, "216,005916503957", "204", "4,98"
36917, "216,029084404465", "201", "4,91"
36918, "216,029084404465", "204", "4,98"
36919, "216,032471004408", "204", "4,98"
36920, "216,050709604053", "201", "4,91"
36921, "216,050709604053", "204", "4,98"
36922, "216,07423500414", "201", "4,91"
36923, "216,077560604084", "204", "4,98"
36924, "216,101501203608", "203", "4,96"
36925, "216,101501203608", "201", "4,91"
36926, "216,101501203608", "204", "4,98"
36927, "216,110779903596", "201", "4,91"
36928, "216,129182603676", "203", "4,96"
36929, "216,149281603983", "203", "4,96"
36930, "216,154985303758", "201", "4,91"
36931, "216,154985303758", "204", "4,98"
36932, "216,175860604038", "200", "4,88"
36933, "216,175860604038", "203", "4,96"
36934, "216,19917770382", "203", "4,96"
36935, "216,20201610378", "201", "4,91"
36936, "216,20201610378", "204", "4,98"
36937, "216,224412203766", "200", "4,88"
36938, "216,228165303823", "203", "4,96"
36939, "216,234173503704", "203", "4,96"
36940, "216,253413703293", "200", "4,88"
36941, "216,253413703293", "204", "4,98"
36942, "216,276082003489", "200", "4,88"
36943, "216,276082003489", "203", "4,96"
36944, "216,307575002778", "203", "4,96"
36945, "216,307575002778", "200", "4,88"
36946, "216,307575002778", "203", "4,96"
36947, "216,357621702366", "200", "4,88"
36948, "216,357621702366", "203", "4,96"
36949, "216,357621702366", "202", "4,93"
36950, "216,362489402294", "200", "4,88"
36951, "216,362489402294", "203", "4,96"
36952, "216,362489402294", "199", "4,86"
36953, "216,379080302315", "202", "4,93"
36954, "216,385900802212", "202", "4,93"
36955, "216,403537802398", "200", "4,88"
36956, "216,403537802398", "203", "4,96"
36957, "216,429047702346", "199", "4,86"
36958, "216,429047702346", "202", "4,93"
36959, "216,432482002303", "202", "4,93"
36960, "216,449074702105", "199", "4,86"
36961, "216,454423802206", "203", "4,96"
36962, "216,474941302091", "199", "4,86"
36963, "216,480931802187", "202", "4,93"
36964, "216,480931802187", "201", "4,91"
36965, "216,501819702331", "199", "4,86"
36966, "216,501819702331", "203", "4,96"
36967, "216,524204302114", "199", "4,86"
36968, "216,526905602077", "201", "4,91"
36969, "216,549333701842", "201", "4,91"
36970, "216,5525695018", "199", "4,86"
36971, "216,5525695018", "202", "4,93"
36972, "216,574279102264", "199", "4,86"
36973, "216,577400902286", "201", "4,91"
36974, "216,602509102318", "201", "4,91"
36975, "216,602509102318", "199", "4,86"
36976, "216,602509102318", "202", "4,93"
36977, "216,624242202146", "198", "4,83"
36978, "216,63006720203", "201", "4,91"
36979, "216,63281050208", "201", "4,91"
36980, "216,650442402111", "199", "4,86"
36981, "216,650442402111", "202", "4,93"
36982, "216,675880901981", "198", "4,83"
36983, "216,675880901981", "201", "4,91"
36984, "216,702604702208", "201", "4,91"
36985, "216,70777950203", "198", "4,83"
36986, "216,70777950203", "201", "4,91"
36987, "216,725724601652", "198", "4,83"
36988, "216,729069301626", "201", "4,91"
36989, "216,734299801523", "200", "4,88"
36990, "216,751950501697", "198", "4,83"
36991, "216,751950501697", "201", "4,91"
36992, "216,779121201485", "198", "4,83"
36993, "216,779121201485", "200", "4,88"
36994, "216,800212801434", "200", "4,88"
36995, "216,800212801434", "198", "4,83"
36996, "216,806029501371", "201", "4,91"
36997, "216,82743050158", "198", "4,83"
36998, "216,833345401566", "200", "4,88"
36999, "216,833345401566", "200", "4,88"
37000, "216,850857201731", "198", "4,83"
37001, "216,850857201731", "201", "4,91"
37002, "216,874311901862", "197", "4,81"
37003, "216,877614301862", "200", "4,88"
37004, "216,899342202116", "200", "4,88"
37005, "216,90254280204", "198", "4,83"
37006, "216,90254280204", "201", "4,91"
37007, "216,925746702356", "198", "4,83"
37008, "216,925746702356", "200", "4,88"
37009, "216,953337302431", "200", "4,88"
37010, "216,953337302431", "198", "4,83"
37011, "216,953337302431", "201", "4,91"
37012, "216,992366702529", "197", "4,81"
37013, "216,992366702529", "200", "4,88"
37014, "216,992366702529", "200", "4,88"
37015, "216,992366702529", "198", "4,83"
37016, "217,029997403035", "201", "4,91"
37017, "217,029997403035", "197", "4,81"
37018, "217,029997403035", "200", "4,88"
37019, "217,029997403035", "200", "4,88"
37020, "217,049239202868", "197", "4,81"
37021, "217,055458902847", "200", "4,88"
37022, "217,075682602823", "197", "4,81"
37023, "217,075682602823", "200", "4,88"
37024, "217,101981102955", "199", "4,86"
37025, "217,101981102955", "197", "4,81"
37026, "217,101981102955", "200", "4,88"
37027, "217,124134102603", "197", "4,81"
37028, "217,126970302546", "199", "4,86"
37029, "217,149340802571", "199", "4,86"
37030, "217,152514102636", "197", "4,81"
37031, "217,152514102636", "200", "4,88"
37032, "217,174423302757", "196", "4,79"
37033, "217,174423302757", "199", "4,86"
37034, "217,201536403038", "199", "4,86"
37035, "217,201536403038", "197", "4,81"
37036, "217,201536403038", "200", "4,88"
37037, "217,227572402917", "196", "4,79"
37038, "217,227572402917", "199", "4,86"
37039, "217,23041430302", "199", "4,86"
37040, "217,250116403215", "197", "4,81"
37041, "217,256195603404", "200", "4,88"
37042, "217,273748003645", "196", "4,79"
37043, "217,276984303724", "199", "4,86"
37044, "217,306975103915", "199", "4,86"
37045, "217,306975103915", "197", "4,81"
37046, "217,306975103915", "200", "4,88"
37047, "217,325755004073", "196", "4,79"
37048, "217,325755004073", "199", "4,86"
37049, "217,351651503937", "199", "4,86"
37050, "217,351651503937", "196", "4,79"
37051, "217,351651503937", "200", "4,88"
37052, "217,378653603839", "196", "4,79"
37053, "217,378653603839", "199", "4,86"
37054, "217,40426810435", "199", "4,86"
37055, "217,40426810435", "197", "4,81"
37056, "217,40426810435", "200", "4,88"
37057, "217,42427090439", "196", "4,79"
37058, "217,430068004178", "199", "4,86"
37059, "217,430068004178", "199", "4,86"
37060, "217,450438804459", "196", "4,79"
37061, "217,450438804459", "200", "4,88"
37062, "217,474313704763", "196", "4,79"
37063, "217,477346004685", "199", "4,86"
37064, "217,500893604709", "199", "4,86"
37065, "217,503624804784", "196", "4,79"
37066, "217,509044404607", "200", "4,88"
37067, "217,512380604632", "196", "4,79"
37068, "217,525674704462", "199", "4,86"
37069, "217,550706803799", "199", "4,86"
37070, "217,550706803799", "196", "4,79"
37071, "217,554135803832", "200", "4,88"
37072, "217,579120703973", "196", "4,79"
37073, "217,579120703973", "199", "4,86"
37074, "217,582465403946", "199", "4,86"
37075, "217,599517903989", "197", "4,81"
37076, "217,605834403774", "200", "4,88"
37077, "217,634133004118", "196", "4,79"
37078, "217,634133004118", "199", "4,86"
37079, "217,638316404074", "199", "4,86"
37080, "217,64403430419", "197", "4,81"
37081, "217,67588590458", "200", "4,88"
37082, "217,67588590458", "196", "4,79"
37083, "217,682678804733", "199", "4,86"
37084, "217,682678804733", "199", "4,86"
37085, "217,70255500474", "197", "4,81"
37086, "217,70255500474", "200", "4,88"
37087, "217,729112204164", "197", "4,81"
37088, "217,729112204164", "199", "4,86"
37089, "217,749086004216", "199", "4,86"
37090, "217,754182404373", "197", "4,81"
37091, "217,754182404373", "200", "4,88"
37092, "217,774250304094", "196", "4,79"
37093, "217,779983503977", "199", "4,86"
37094, "217,80077860388", "199", "4,86"
37095, "217,80077860388", "197", "4,81"
37096, "217,806834003655", "200", "4,88"
37097, "217,824505103752", "197", "4,81"
37098, "217,82742100372", "199", "4,86"
37099, "217,8333766039", "199", "4,86"
37100, "217,850809003692", "197", "4,81"
37101, "217,850809003692", "201", "4,91"
37102, "217,876609803643", "197", "4,81"
37103, "217,876609803643", "200", "4,88"
37104, "217,899128803285", "199", "4,86"
37105, "217,901944503188", "198", "4,83"
37106, "217,901944503188", "201", "4,91"
37107, "217,924085003091", "197", "4,81"
37108, "217,926832603058", "200", "4,88"
37109, "217,950030202745", "200", "4,88"
37110, "217,950030202745", "198", "4,83"
37111, "217,952888802858", "201", "4,91"
37112, "217,975803802721", "197", "4,81"
37113, "217,975803802721", "200", "4,88"
37114, "218,000851302641", "200", "4,88"
37115, "218,000851302641", "198", "4,83"
37116, "218,003736502724", "201", "4,91"
37117, "218,0247269026", "198", "4,83"
37118, "218,027433902491", "201", "4,91"
37119, "218,033798502292", "200", "4,88"
37120, "218,051188802114", "198", "4,83"
37121, "218,051188802114", "201", "4,91"
37122, "218,076178601943", "198", "4,83"
37123, "218,076178601943", "201", "4,91"
37124, "218,103444601642", "200", "4,88"
37125, "218,103444601642", "198", "4,83"
37126, "218,103444601642", "202", "4,93"
37127, "218,124848601641", "198", "4,83"
37128, "218,131090401439", "201", "4,91"
37129, "218,150269801263", "201", "4,91"
37130, "218,150269801263", "199", "4,86"
37131, "218,155993901193", "202", "4,93"
37132, "218,175456501776", "198", "4,83"
37133, "218,175456501776", "201", "4,91"
37134, "218,1989976021", "201", "4,91"
37135, "218,207434202079", "199", "4,86"
37136, "218,207434202079", "202", "4,93"
37137, "218,225884201704", "198", "4,83"
37138, "218,225884201704", "201", "4,91"
37139, "218,234276001807", "201", "4,91"
37140, "218,271280901972", "199", "4,86"
37141, "218,271280901972", "202", "4,93"
37142, "218,271280901972", "198", "4,83"
37143, "218,271280901972", "201", "4,91"
37144, "218,308759001782", "201", "4,91"
37145, "218,308759001782", "199", "4,86"
37146, "218,314488401869", "202", "4,93"
37147, "218,320083901985", "199", "4,86"
37148, "218,320083901985", "201", "4,91"
37149, "218,350839701947", "201", "4,91"
37150, "218,350839701947", "199", "4,86"
37151, "218,350839701947", "203", "4,96"
37152, "218,37347000232", "199", "4,86"
37153, "218,37903940212", "201", "4,91"
37154, "218,39910610253", "201", "4,91"
37155, "218,402568302583", "199", "4,86"
37156, "218,402568302583", "202", "4,93"
37157, "218,426526502008", "199", "4,86"
37158, "218,426526502008", "201", "4,91"
37159, "218,432392901974", "201", "4,91"
37160, "218,449159401935", "199", "4,86"
37161, "218,452555301832", "202", "4,93"
37162, "218,476547001628", "199", "4,86"
37163, "218,476547001628", "202", "4,93"
37164, "218,499203401618", "201", "4,91"
37165, "218,502491801511", "199", "4,86"
37166, "218,502491801511", "202", "4,93"
37167, "218,524248201633", "199", "4,86"
37168, "218,527173501672", "202", "4,93"
37169, "218,532446101541", "201", "4,91"
37170, "218,549215401756", "199", "4,86"
37171, "218,552534201648", "203", "4,96"
37172, "218,57903790148", "199", "4,86"
37173, "218,57903790148", "202", "4,93"
37174, "218,599195001414", "201", "4,91"
37175, "218,604179201415", "199", "4,86"
37176, "218,604179201415", "203", "4,96"
37177, "218,629058501683", "199", "4,86"
37178, "218,629058501683", "202", "4,93"
37179, "218,632512601791", "202", "4,93"
37180, "218,649144601775", "199", "4,86"
37181, "218,652469901834", "203", "4,96"
37182, "218,676560501335", "199", "4,86"
37183, "218,676560501335", "202", "4,93"
37184, "218,699375901371", "202", "4,93"
37185, "218,702530201292", "199", "4,86"
37186, "218,702530201292", "203", "4,96"
37187, "218,726918701315", "199", "4,86"
37188, "218,726918701315", "202", "4,93"
37189, "218,732631301275", "202", "4,93"
37190, "218,749134701444", "199", "4,86"
37191, "218,752539801411", "203", "4,96"
37192, "218,776582501363", "199", "4,86"
37193, "218,776582501363", "202", "4,93"
37194, "218,801717101363", "201", "4,91"
37195, "218,801717101363", "199", "4,86"
37196, "218,807383901207", "203", "4,96"
37197, "218,826901801629", "199", "4,86"
37198, "218,826901801629", "202", "4,93"
37199, "218,832455101656", "202", "4,93"
37200, "218,849112901604", "199", "4,86"
37201, "218,852560701547", "203", "4,96"
37202, "218,876688001677", "199", "4,86"
37203, "218,876688001677", "202", "4,93"
37204, "218,914289901964", "201", "4,91"
37205, "218,917110902024", "199", "4,86"
37206, "218,917110902024", "202", "4,93"
37207, "218,922639602097", "199", "4,86"
37208, "218,922639602097", "201", "4,91"
37209, "218,950110701844", "201", "4,91"
37210, "218,955999901984", "199", "4,86"
37211, "218,955999901984", "202", "4,93"
37212, "218,973790101707", "199", "4,86"
37213, "218,977063001599", "201", "4,91"
37214, "219,000002701301", "201", "4,91"
37215, "219,002658101264", "199", "4,86"
37216, "219,002658101264", "202", "4,93"
37217, "219,02655800106", "198", "4,83"
37218, "219,02655800106", "201", "4,91"
37219, "219,032470301259", "201", "4,91"
37220, "219,050785201136", "199", "4,86"
37221, "219,050785201136", "202", "4,93"
37222, "219,079043600941", "198", "4,83"
37223, "219,079043600941", "201", "4,91"
37224, "219,101702701068", "201", "4,91"
37225, "219,101702701068", "199", "4,86"
37226, "219,101702701068", "202", "4,93"
37227, "219,124177501071", "198", "4,83"
37228, "219,127381201135", "201", "4,91"
37229, "219,15033260081", "201", "4,91"
37230, "219,15033260081", "199", "4,86"
37231, "219,153586700791", "202", "4,93"
37232, "219,177408601157", "198", "4,83"
37233, "219,177408601157", "201", "4,91"
37234, "219,204868500819", "201", "4,91"
37235, "219,204868500819", "199", "4,86"
37236, "219,204868500819", "201", "4,91"
37237, "219,225192801096", "198", "4,83"
37238, "219,225192801096", "201", "4,91"
37239, "219,232505401131", "201", "4,91"
37240, "219,251625601202", "198", "4,83"
37241, "219,251625601202", "201", "4,91"
37242, "219,277517601149", "198", "4,83"
37243, "219,277517601149", "201", "4,91"
37244, "219,31115230103", "200", "4,88"
37245, "219,31115230103", "198", "4,83"
37246, "219,31115230103", "201", "4,91"
37247, "219,329961500596", "198", "4,83"
37248, "219,329961500596", "200", "4,88"
37249, "219,357524800347", "200", "4,88"
37250, "219,357524800347", "198", "4,83"
37251, "219,357524800347", "201", "4,91"
37252, "219,375895400299", "198", "4,83"
37253, "219,375895400299", "200", "4,88"
37254, "219,403415400302", "200", "4,88"
37255, "219,403415400302", "198", "4,83"
37256, "219,403415400302", "201", "4,91"
37257, "219,430156500544", "197", "4,81"
37258, "219,430156500544", "200", "4,88"
37259, "219,430156500544", "200", "4,88"
37260, "219,448748600436", "198", "4,83"
37261, "219,451639700448", "201", "4,91"
37262, "219,475695800502", "197", "4,81"
37263, "219,475695800502", "200", "4,88"
37264, "219,50210730033", "199", "4,86"
37265, "219,50210730033", "197", "4,81"
37266, "219,50210730033", "201", "4,91"
37267, "219,547521200264", "197", "4,81"
37268, "219,550290800165", "200", "4,88"
37269, "219,550290800165", "199", "4,86"
37270, "219,555971499998", "197", "4,81"
37271, "219,555971499998", "201", "4,91"
37272, "219,574292100267", "197", "4,81"
37273, "219,577184200287", "199", "4,86"
37274, "219,601093400503", "199", "4,86"
37275, "219,601093400503", "197", "4,81"
37276, "219,604152400512", "200", "4,88"
37277, "219,627392900176", "197", "4,81"
37278, "219,627392900176", "199", "4,86"
37279, "219,630453100195", "199", "4,86"
37280, "219,649111100007", "197", "4,81"
37281, "219,654283800162", "200", "4,88"
37282, "219,675772300223", "197", "4,81"
37283, "219,675772300223", "199", "4,86"
37284, "219,699998499826", "199", "4,86"
37285, "219,702903799713", "197", "4,81"
37286, "219,702903799713", "200", "4,88"
37287, "219,729063200066", "197", "4,81"
37288, "219,729063200066", "199", "4,86"
37289, "219,749148400035", "199", "4,86"
37290, "219,752548699966", "197", "4,81"
37291, "219,752548699966", "200", "4,88"
37292, "219,779097999912", "196", "4,79"
37293, "219,779097999912", "199", "4,86"
37294, "219,799322600011", "199", "4,86"
37295, "219,802547200117", "197", "4,81"
37296, "219,802547200117", "200", "4,88"
37297, "219,827665500343", "196", "4,79"
37298, "219,827665500343", "199", "4,86"
37299, "219,830880200258", "199", "4,86"
37300, "219,849120000377", "196", "4,79"
37301, "219,854217400309", "199", "4,86"
37302, "219,875781600131", "196", "4,79"
37303, "219,882473699981", "199", "4,86"
37304, "219,882473699981", "199", "4,86"
37305, "219,90114620002", "196", "4,79"
37306, "219,90114620002", "199", "4,86"
37307, "219,928637700388", "196", "4,79"
37308, "219,928637700388", "199", "4,86"
37309, "219,949149100343", "199", "4,86"
37310, "219,955049300333", "196", "4,79"
37311, "219,955049300333", "199", "4,86"
37312, "219,973610100569", "196", "4,79"
37313, "219,976523900637", "199", "4,86"
37314, "219,985881900648", "199", "4,86"
37315, "220,000077200588", "196", "4,79"
37316, "220,000077200588", "199", "4,86"
37317, "220,029142199783", "196", "4,79"
37318, "220,029142199783", "199", "4,86"
37319, "220,032449799823", "199", "4,86"
37320, "220,049117800081", "196", "4,79"
37321, "220,052568700165", "199", "4,86"
37322, "220,074303999776", "196", "4,79"
37323, "220,077217799844", "199", "4,86"
37324, "220,100862099556", "198", "4,83"
37325, "220,100862099556", "196", "4,79"
37326, "220,103741699597", "199", "4,86"
37327, "220,129094699863", "196", "4,79"
37328, "220,129094699863", "199", "4,86"
37329, "220,149146400159", "198", "4,83"
37330, "220,154208100168", "196", "4,79"
37331, "220,154208100168", "199", "4,86"
37332, "220,190967800096", "195", "4,76"
37333, "220,19380470016", "198", "4,83"
37334, "220,19380470016", "198", "4,83"
37335, "220,19380470016", "196", "4,79"
37336, "220,226518500131", "199", "4,86"
37337, "220,226518500131", "195", "4,76"
37338, "220,226518500131", "198", "4,83"
37339, "220,236028900137", "198", "4,83"
37340, "220,253565300256", "195", "4,76"
37341, "220,253565300256", "199", "4,86"
37342, "220,273623700021", "195", "4,76"
37343, "220,27993170009", "198", "4,83"
37344, "220,305930999806", "198", "4,83"
37345, "220,305930999806", "195", "4,76"
37346, "220,305930999806", "199", "4,86"
37347, "220,325761699583", "195", "4,76"
37348, "220,325761699583", "198", "4,83"
37349, "220,352540699532", "198", "4,83"
37350, "220,352540699532", "195", "4,76"
37351, "220,352540699532", "199", "4,86"
37352, "220,375745199621", "195", "4,76"
37353, "220,375745199621", "198", "4,83"
37354, "220,400013599545", "198", "4,83"
37355, "220,409108099528", "196", "4,79"
37356, "220,409108099528", "199", "4,86"
37357, "220,429160299478", "195", "4,76"
37358, "220,429160299478", "198", "4,83"
37359, "220,432552999584", "198", "4,83"
37360, "220,449162999867", "195", "4,76"
37361, "220,452576099895", "199", "4,86"
37362, "220,479125399841", "195", "4,76"
37363, "220,479125399841", "198", "4,83"
37364, "220,499215099495", "198", "4,83"
37365, "220,502511799568", "195", "4,76"
37366, "220,502511799568", "199", "4,86"
37367, "220,510807099519", "195", "4,76"
37368, "220,525695599616", "198", "4,83"
37369, "220,552686199779", "198", "4,83"
37370, "220,552686199779", "195", "4,76"
37371, "220,552686199779", "199", "4,86"
37372, "220,580095899524", "195", "4,76"
37373, "220,580095899524", "198", "4,83"
37374, "220,582689799601", "198", "4,83"
37375, "220,599153699353", "195", "4,76"
37376, "220,602536699269", "199", "4,86"
37377, "220,626549899112", "195", "4,76"
37378, "220,626549899112", "198", "4,83"
37379, "220,636784499045", "198", "4,83"
37380, "220,649605699349", "195", "4,76"
37381, "220,656117299572", "199", "4,86"
37382, "220,67577309953", "195", "4,76"
37383, "220,679000899429", "198", "4,83"
37384, "220,68566169939", "198", "4,83"
37385, "220,704963299679", "195", "4,76"
37386, "220,704963299679", "199", "4,86"
37387, "220,726424599532", "195", "4,76"
37388, "220,726424599532", "198", "4,83"
37389, "220,751418899279", "198", "4,83"
37390, "220,751418899279", "195", "4,76"
37391, "220,751418899279", "199", "4,86"
37392, "220,778855899349", "195", "4,76"
37393, "220,778855899349", "198", "4,83"
37394, "220,782036899356", "198", "4,83"
37395, "220,800661299611", "196", "4,79"
37396, "220,800661299611", "199", "4,86"
37397, "220,834886000259", "195", "4,76"
37398, "220,834886000259", "198", "4,83"
37399, "220,834886000259", "198", "4,83"
37400, "220,853492900264", "195", "4,76"
37401, "220,853492900264", "199", "4,86"
37402, "220,87600960047", "195", "4,76"
37403, "220,87600960047", "198", "4,83"
37404, "220,899271600414", "198", "4,83"
37405, "220,902477200376", "195", "4,76"
37406, "220,902477200376", "199", "4,86"
37407, "220,929536600364", "195", "4,76"
37408, "220,929536600364", "198", "4,83"
37409, "220,935969200218", "198", "4,83"
37410, "220,954512799857", "195", "4,76"
37411, "220,954512799857", "199", "4,86"
37412, "220,972781199729", "195", "4,76"
37413, "220,976048899814", "198", "4,83"
37414, "220,999214499723", "198", "4,83"
37415, "221,002516699722", "196", "4,79"
37416, "221,002516699722", "199", "4,86"
37417, "221,027625799645", "195", "4,76"
37418, "221,027625799645", "198", "4,83"
37419, "221,030336799566", "198", "4,83"
37420, "221,049134499626", "195", "4,76"
37421, "221,054422599496", "199", "4,86"
37422, "221,075402299641", "195", "4,76"
37423, "221,075402299641", "198", "4,83"
37424, "221,099990899675", "198", "4,83"
37425, "221,103334299754", "195", "4,76"
37426, "221,103334299754", "199", "4,86"
37427, "221,129066099646", "195", "4,76"
37428, "221,129066099646", "198", "4,83"
37429, "221,149175599683", "198", "4,83"
37430, "221,152608699631", "195", "4,76"
37431, "221,152608699631", "199", "4,86"
37432, "221,179117099848", "195", "4,76"
37433, "221,179117099848", "198", "4,83"
37434, "221,199193699518", "198", "4,83"
37435, "221,202581399586", "195", "4,76"
37436, "221,202581399586", "199", "4,86"
37437, "221,229066199856", "195", "4,76"
37438, "221,229066199856", "198", "4,83"
37439, "221,232471599942", "198", "4,83"
37440, "221,251625500154", "195", "4,76"
37441, "221,251625500154", "199", "4,86"
37442, "221,275762100006", "195", "4,76"
37443, "221,275762100006", "198", "4,83"
37444, "221,312887900043", "198", "4,83"
37445, "221,312887900043", "195", "4,76"
37446, "221,312887900043", "199", "4,86"
37447, "221,326085800072", "195", "4,76"
37448, "221,326085800072", "198", "4,83"
37449, "221,3500599002", "198", "4,83"
37450, "221,353097900283", "195", "4,76"
37451, "221,353097900283", "199", "4,86"
37452, "221,377936900128", "195", "4,76"
37453, "221,377936900128", "198", "4,83"
37454, "221,400167700136", "198", "4,83"
37455, "221,400167700136", "195", "4,76"
37456, "221,405315899989", "199", "4,86"
37457, "221,42645600019", "195", "4,76"
37458, "221,42645600019", "198", "4,83"
37459, "221,43252950022", "198", "4,83"
37460, "221,472580600297", "195", "4,76"
37461, "221,477492200444", "199", "4,86"
37462, "221,480815100484", "195", "4,76"
37463, "221,480815100484", "198", "4,83"
37464, "221,480815100484", "198", "4,83"
37465, "221,50353350048", "195", "4,76"
37466, "221,506980800536", "199", "4,86"
37467, "221,512473400682", "195", "4,76"
37468, "221,530326600652", "198", "4,83"
37469, "221,550747900736", "198", "4,83"
37470, "221,556936800946", "195", "4,76"
37471, "221,556936800946", "199", "4,86"
37472, "221,574455000926", "195", "4,76"
37473, "221,577413700987", "198", "4,83"
37474, "221,601027401164", "198", "4,83"
37475, "221,601027401164", "195", "4,76"
37476, "221,603950201068", "199", "4,86"
37477, "221,628623401048", "195", "4,76"
37478, "221,628623401048", "198", "4,83"
37479, "221,631425400963", "198", "4,83"
37480, "221,64966610074", "195", "4,76"
37481, "221,656225800514", "199", "4,86"
37482, "221,674116000533", "195", "4,76"
37483, "221,674116000533", "198", "4,83"
37484, "221,702584200306", "198", "4,83"
37485, "221,702584200306", "195", "4,76"
37486, "221,705937300343", "199", "4,86"
37487, "221,727525000228", "195", "4,76"
37488, "221,727525000228", "198", "4,83"
37489, "221,749185200315", "198", "4,83"
37490, "221,75599240046", "195", "4,76"
37491, "221,75599240046", "199", "4,86"
37492, "221,77446550061", "195", "4,76"
37493, "221,77446550061", "198", "4,83"
37494, "221,802567500854", "198", "4,83"
37495, "221,802567500854", "195", "4,76"
37496, "221,805913600838", "198", "4,83"
37497, "221,824669701047", "195", "4,76"
37498, "221,830787900835", "197", "4,81"
37499, "221,830787900835", "198", "4,83"
37500, "221,850836600643", "195", "4,76"
37501, "221,850836600643", "198", "4,83"
37502, "221,880852200324", "195", "4,76"
37503, "221,880852200324", "198", "4,83"
37504, "221,900819900213", "197", "4,81"
37505, "221,900819900213", "195", "4,76"
37506, "221,903955100104", "198", "4,83"
37507, "221,929110399913", "195", "4,76"
37508, "221,929110399913", "197", "4,81"
37509, "221,932451399975", "197", "4,81"
37510, "221,951523300027", "195", "4,76"
37511, "221,951523300027", "198", "4,83"
37512, "221,975726600038", "195", "4,76"
37513, "221,975726600038", "197", "4,81"
37514, "222,002457600553", "197", "4,81"
37515, "222,002457600553", "195", "4,76"
37516, "222,002457600553", "198", "4,83"
37517, "222,030021900777", "195", "4,76"
37518, "222,030021900777", "197", "4,81"
37519, "222,030021900777", "197", "4,81"
37520, "222,049153101165", "195", "4,76"
37521, "222,052540701116", "198", "4,83"
37522, "222,075712400954", "194", "4,74"
37523, "222,075712400954", "197", "4,81"
37524, "222,084152800962", "197", "4,81"
37525, "222,110913100885", "194", "4,74"
37526, "222,113706100965", "198", "4,83"
37527, "222,113706100965", "195", "4,76"
37528, "222,127466500504", "197", "4,81"
37529, "222,149188700365", "197", "4,81"
37530, "222,154345400399", "194", "4,74"
37531, "222,154345400399", "198", "4,83"
37532, "222,182525500655", "194", "4,74"
37533, "222,182525500655", "197", "4,81"
37534, "222,182525500655", "197", "4,81"
37535, "222,20002080081", "194", "4,74"
37536, "222,20002080081", "198", "4,83"
37537, "222,226648200536", "194", "4,74"
37538, "222,226648200536", "197", "4,81"
37539, "222,235975200543", "197", "4,81"
37540, "222,25377850025", "194", "4,74"
37541, "222,25377850025", "198", "4,83"
37542, "222,2808546999", "194", "4,74"
37543, "222,2808546999", "197", "4,81"
37544, "222,2808546999", "197", "4,81"
37545, "222,301634299802", "194", "4,74"
37546, "222,301634299802", "198", "4,83"
37547, "222,324313599849", "194", "4,74"
37548, "222,32730759983", "197", "4,81"
37549, "222,3525932997", "197", "4,81"
37550, "222,3525932997", "194", "4,74"
37551, "222,3525932997", "198", "4,83"
37552, "222,379987299675", "194", "4,74"
37553, "222,379987299675", "197", "4,81"
37554, "222,382819899591", "197", "4,81"
37555, "222,399289299268", "194", "4,74"
37556, "222,402537099319", "198", "4,83"
37557, "222,425673499936", "194", "4,74"
37558, "222,425673499936", "197", "4,81"
37559, "222,434144299943", "197", "4,81"
37560, "222,489273300394", "194", "4,74"
37561, "222,489273300394", "198", "4,83"
37562, "222,492646300467", "194", "4,74"
37563, "222,492646300467", "197", "4,81"
37564, "222,492646300467", "197", "4,81"
37565, "222,499174900586", "194", "4,74"
37566, "222,526700300397", "198", "4,83"
37567, "222,526700300397", "194", "4,74"
37568, "222,526700300397", "196", "4,79"
37569, "222,535797000397", "197", "4,81"
37570, "222,549113600515", "194", "4,74"
37571, "222,555972400587", "198", "4,83"
37572, "222,576528500533", "194", "4,74"
37573, "222,576528500533", "196", "4,79"
37574, "222,599353800295", "196", "4,79"
37575, "222,605996700237", "194", "4,74"
37576, "222,605996700237", "197", "4,81"
37577, "222,62411640049", "194", "4,74"
37578, "222,627389400499", "196", "4,79"
37579, "222,633400100516", "197", "4,81"
37580, "222,650846900651", "194", "4,74"
37581, "222,650846900651", "197", "4,81"
37582, "222,677345700096", "194", "4,74"
37583, "222,677345700096", "196", "4,79"
37584, "222,703460700111", "196", "4,79"
37585, "222,703460700111", "193", "4,71"
37586, "222,703460700111", "197", "4,81"
37587, "222,757216200698", "194", "4,74"
37588, "222,757216200698", "196", "4,79"
37589, "222,757216200698", "196", "4,79"
37590, "222,757216200698", "193", "4,71"
37591, "222,760420200648", "197", "4,81"
37592, "222,760420200648", "193", "4,71"
37593, "222,775836600922", "196", "4,79"
37594, "222,803412000882", "196", "4,79"
37595, "222,803412000882", "193", "4,71"
37596, "222,803412000882", "197", "4,81"
37597, "222,824181200704", "193", "4,71"
37598, "222,830010000849", "196", "4,79"
37599, "222,830010000849", "196", "4,79"
37600, "222,850250100484", "193", "4,71"
37601, "222,850250100484", "197", "4,81"
37602, "222,875459500356", "193", "4,71"
37603, "222,875459500356", "196", "4,79"
37604, "222,909656700678", "196", "4,79"
37605, "222,909656700678", "193", "4,71"
37606, "222,909656700678", "197", "4,81"
37607, "222,91300520068", "193", "4,71"
37608, "222,926596901147", "196", "4,79"
37609, "222,952623601304", "196", "4,79"
37610, "222,952623601304", "193", "4,71"
37611, "222,952623601304", "197", "4,81"
37612, "222,979028701317", "193", "4,71"
37613, "222,979028701317", "196", "4,79"
37614, "222,999115301063", "196", "4,79"
37615, "223,004237901187", "193", "4,71"
37616, "223,004237901187", "196", "4,79"
37617, "223,02904400113", "193", "4,71"
37618, "223,02904400113", "195", "4,76"
37619, "223,032548301155", "196", "4,79"
37620, "223,054213200929", "193", "4,71"
37621, "223,054213200929", "196", "4,79"
37622, "223,075588800712", "193", "4,71"
37623, "223,075588800712", "195", "4,76"
37624, "223,101587100653", "196", "4,79"
37625, "223,101587100653", "193", "4,71"
37626, "223,101587100653", "196", "4,79"
37627, "223,127439100994", "193", "4,71"
37628, "223,127439100994", "195", "4,76"
37629, "223,133487900952", "196", "4,79"
37630, "223,151626501232", "193", "4,71"
37631, "223,151626501232", "197", "4,81"
37632, "223,177551400848", "193", "4,71"
37633, "223,180169100873", "195", "4,76"
37634, "223,185882200953", "195", "4,76"
37635, "223,20308240084", "193", "4,71"
37636, "223,20308240084", "196", "4,79"
37637, "223,23107060045", "193", "4,71"
37638, "223,23107060045", "195", "4,76"
37639, "223,23107060045", "196", "4,79"
37640, "223,249133300502", "193", "4,71"
37641, "223,252557800617", "196", "4,79"
37642, "223,279027400073", "193", "4,71"
37643, "223,279027400073", "195", "4,76"
37644, "223,305926999776", "195", "4,76"
37645, "223,305926999776", "193", "4,71"
37646, "223,305926999776", "196", "4,79"
37647, "223,326555899344", "193", "4,71"
37648, "223,326555899344", "195", "4,76"
37649, "223,335881899577", "195", "4,76"
37650, "223,349196899682", "193", "4,71"
37651, "223,354361099657", "196", "4,79"
37652, "223,391123999143", "193", "4,71"
37653, "223,391123999143", "195", "4,76"
37654, "223,391123999143", "195", "4,76"
37655, "223,391123999143", "193", "4,71"
37656, "223,425762699451", "196", "4,79"
37657, "223,425762699451", "193", "4,71"
37658, "223,429072299507", "195", "4,76"
37659, "223,429072299507", "195", "4,76"
37660, "223,454108499223", "193", "4,71"
37661, "223,454108499223", "196", "4,79"
37662, "223,476031799102", "193", "4,71"
37663, "223,476031799102", "195", "4,76"
37664, "223,500105899526", "195", "4,76"
37665, "223,500105899526", "192", "4,69"
37666, "223,503039799631", "196", "4,79"
37667, "223,528583099833", "193", "4,71"
37668, "223,528583099833", "195", "4,76"
37669, "223,549329499947", "195", "4,76"
37670, "223,555584799731", "192", "4,69"
37671, "223,555584799731", "196", "4,79"
37672, "223,575958299683", "193", "4,71"
37673, "223,575958299683", "195", "4,76"
37674, "223,600113199791", "195", "4,76"
37675, "223,600113199791", "193", "4,71"
37676, "223,603016199777", "196", "4,79"
37677, "223,625848699827", "193", "4,71"
37678, "223,625848699827", "195", "4,76"
37679, "223,634235399775", "195", "4,76"
37680, "223,653719199821", "192", "4,69"
37681, "223,653719199821", "196", "4,79"
37682, "223,674016699893", "192", "4,69"
37683, "223,680109000066", "195", "4,76"
37684, "223,700744100148", "195", "4,76"
37685, "223,700744100148", "192", "4,69"
37686, "223,706970600178", "196", "4,79"
37687, "223,724253000459", "193", "4,71"
37688, "223,727392700501", "195", "4,76"
37689, "223,750057400204", "195", "4,76"
37690, "223,750057400204", "192", "4,69"
37691, "223,752913000295", "196", "4,79"
37692, "223,77660590061", "192", "4,69"
37693, "223,77660590061", "195", "4,76"
37694, "223,802523100516", "195", "4,76"
37695, "223,802523100516", "192", "4,69"
37696, "223,802523100516", "196", "4,79"
37697, "223,825762300752", "192", "4,69"
37698, "223,825762300752", "195", "4,76"
37699, "223,832809700631", "195", "4,76"
37700, "223,850859100465", "192", "4,69"
37701, "223,85990370065", "196", "4,79"
37702, "223,879125800217", "192", "4,69"
37703, "223,879125800217", "195", "4,76"
37704, "223,899664800148", "195", "4,76"
37705, "223,90594260022", "192", "4,69"
37706, "223,90594260022", "196", "4,79"
37707, "223,924461400369", "192", "4,69"
37708, "223,927468700334", "195", "4,76"
37709, "223,954243900254", "195", "4,76"
37710, "223,954243900254", "192", "4,69"
37711, "223,954243900254", "196", "4,79"
37712, "223,975673600798", "192", "4,69"
37713, "223,975673600798", "195", "4,76"
37714, "223,97907130071", "195", "4,76"
37715, "223,999600600684", "192", "4,69"
37716, "224,005969300633", "195", "4,76"
37717, "224,036013101228", "192", "4,69"
37718, "224,036013101228", "194", "4,74"
37719, "224,036013101228", "195", "4,76"
37720, "224,045765501447", "192", "4,69"
37721, "224,054882401368", "195", "4,76"
37722, "224,073544501327", "192", "4,69"
37723, "224,073544501327", "195", "4,76"
37724, "224,083488601493", "195", "4,76"
37725, "224,100971701555", "192", "4,69"
37726, "224,100971701555", "195", "4,76"
37727, "224,12756360136", "192", "4,69"
37728, "224,12756360136", "195", "4,76"
37729, "224,130799901439", "195", "4,76"
37730, "224,153744201874", "192", "4,69"
37731, "224,153744201874", "195", "4,76"
37732, "224,175397801679", "192", "4,69"
37733, "224,175397801679", "194", "4,74"
37734, "224,182069001719", "195", "4,76"
37735, "224,199990501627", "192", "4,69"
37736, "224,20303410152", "195", "4,76"
37737, "224,226612201193", "192", "4,69"
37738, "224,226612201193", "194", "4,74"
37739, "224,235854601255", "195", "4,76"
37740, "224,254522901261", "192", "4,69"
37741, "224,254522901261", "195", "4,76"
37742, "224,275581201306", "192", "4,69"
37743, "224,275581201306", "195", "4,76"
37744, "224,307537201559", "195", "4,76"
37745, "224,307537201559", "192", "4,69"
37746, "224,307537201559", "195", "4,76"
37747, "224,310645001475", "192", "4,69"
37748, "224,327464501606", "194", "4,74"
37749, "224,349134401185", "195", "4,76"
37750, "224,354292001342", "192", "4,69"
37751, "224,354292001342", "196", "4,79"
37752, "224,375694001094", "192", "4,69"
37753, "224,382557501085", "194", "4,74"
37754, "224,382557501085", "195", "4,76"
37755, "224,399188801413", "192", "4,69"
37756, "224,402504401514", "195", "4,76"
37757, "224,425737901358", "192", "4,69"
37758, "224,425737901358", "194", "4,74"
37759, "224,429081301438", "195", "4,76"
37760, "224,453562601702", "192", "4,69"
37761, "224,453562601702", "195", "4,76"
37762, "224,473619001918", "192", "4,69"
37763, "224,479164902121", "195", "4,76"
37764, "224,482455902034", "195", "4,76"
37765, "224,500801701797", "192", "4,69"
37766, "224,500801701797", "195", "4,76"
37767, "224,526536101708", "192", "4,69"
37768, "224,526536101708", "194", "4,74"
37769, "224,532492101891", "195", "4,76"
37770, "224,550090402132", "192", "4,69"
37771, "224,550090402132", "196", "4,79"
37772, "224,576499802526", "192", "4,69"
37773, "224,576499802526", "195", "4,76"
37774, "224,585890802322", "195", "4,76"
37775, "224,603439902421", "192", "4,69"
37776, "224,603439902421", "195", "4,76"
37777, "224,625736902235", "192", "4,69"
37778, "224,625736902235", "195", "4,76"
37779, "224,632061802084", "195", "4,76"
37780, "224,670043801889", "192", "4,69"
37781, "224,673421401996", "195", "4,76"
37782, "224,673421401996", "192", "4,69"
37783, "224,679995901883", "195", "4,76"
37784, "224,700006801868", "195", "4,76"
37785, "224,700006801868", "192", "4,69"
37786, "224,703213001834", "195", "4,76"
37787, "224,728992202319", "193", "4,71"
37788, "224,728992202319", "195", "4,76"
37789, "224,728992202319", "195", "4,76"
37790, "224,750547902426", "192", "4,69"
37791, "224,750547902426", "196", "4,79"
37792, "224,774365102639", "192", "4,69"
37793, "224,777565702563", "195", "4,76"
37794, "224,78339210269", "195", "4,76"
37795, "224,802659302251", "192", "4,69"
37796, "224,802659302251", "195", "4,76"
37797, "224,825378702022", "192", "4,69"
37798, "224,825378702022", "194", "4,74"
37799, "224,83262080187", "195", "4,76"
37800, "224,850908401655", "192", "4,69"
37801, "224,850908401655", "195", "4,76"
37802, "224,879072601674", "192", "4,69"
37803, "224,879072601674", "195", "4,76"
37804, "224,879072601674", "195", "4,76"
37805, "224,899602601537", "192", "4,69"
37806, "224,906121501466", "195", "4,76"
37807, "224,925748901209", "193", "4,71"
37808, "224,925748901209", "194", "4,74"
37809, "224,929069501115", "195", "4,76"
37810, "224,952700101305", "192", "4,69"
37811, "224,952700101305", "196", "4,79"
37812, "224,975737801287", "192", "4,69"
37813, "224,982571301516", "194", "4,74"
37814, "224,982571301516", "195", "4,76"
37815, "225,000050701434", "192", "4,69"
37816, "225,003175601363", "195", "4,76"
37817, "225,026705700904", "192", "4,69"
37818, "225,026705700904", "194", "4,74"
37819, "225,02945450088", "195", "4,76"
37820, "225,049161100993", "192", "4,69"
37821, "225,053398701129", "195", "4,76"
37822, "225,07577050128", "192", "4,69"
37823, "225,07577050128", "195", "4,76"
37824, "225,082519001095", "195", "4,76"
37825, "225,102626300883", "192", "4,69"
37826, "225,105942800874", "195", "4,76"
37827, "225,112481200835", "192", "4,69"
37828, "225,125677800737", "194", "4,74"
37829, "225,150924800662", "195", "4,76"
37830, "225,150924800662", "192", "4,69"
37831, "225,15396830067", "195", "4,76"
37832, "225,1792639005", "192", "4,69"
37833, "225,1792639005", "194", "4,74"
37834, "225,1792639005", "195", "4,76"
37835, "225,199510300532", "192", "4,69"
37836, "225,206117500551", "195", "4,76"
37837, "225,225104100537", "192", "4,69"
37838, "225,228029000573", "194", "4,74"
37839, "225,233570300508", "195", "4,76"
37840, "225,250989100663", "192", "4,69"
37841, "225,250989100663", "195", "4,76"
37842, "225,276768400567", "192", "4,69"
37843, "225,276768400567", "194", "4,74"
37844, "225,279906600481", "195", "4,76"
37845, "225,320140100317", "192", "4,69"
37846, "225,320140100317", "195", "4,76"
37847, "225,320140100317", "192", "4,69"
37848, "225,320140100317", "194", "4,74"
37849, "225,350664800266", "195", "4,76"
37850, "225,350664800266", "192", "4,69"
37851, "225,356801400194", "195", "4,76"
37852, "225,376658200053", "192", "4,69"
37853, "225,376658200053", "194", "4,74"
37854, "225,379758200143", "195", "4,76"
37855, "225,405965900049", "192", "4,69"
37856, "225,405965900049", "195", "4,76"
37857, "225,425746900262", "192", "4,69"
37858, "225,425746900262", "194", "4,74"
37859, "225,435833300231", "195", "4,76"
37860, "225,44919980038", "192", "4,69"
37861, "225,456033700611", "195", "4,76"
37862, "225,474439000711", "192", "4,69"
37863, "225,474439000711", "194", "4,74"
37864, "225,484353200532", "195", "4,76"
37865, "225,502592700766", "192", "4,69"
37866, "225,502592700766", "195", "4,76"
37867, "225,530079100979", "192", "4,69"
37868, "225,530079100979", "194", "4,74"
37869, "225,530079100979", "195", "4,76"
37870, "225,550286800833", "191", "4,66"
37871, "225,556858700933", "195", "4,76"
37872, "225,574360501021", "192", "4,69"
37873, "225,574360501021", "194", "4,74"
37874, "225,583390701097", "195", "4,76"
37875, "225,601631301222", "192", "4,69"
37876, "225,601631301222", "195", "4,76"
37877, "225,629252701532", "192", "4,69"
37878, "225,629252701532", "194", "4,74"
37879, "225,632482701447", "195", "4,76"
37880, "225,649324501632", "191", "4,66"
37881, "225,65340850153", "195", "4,76"
37882, "225,679154001642", "192", "4,69"
37883, "225,679154001642", "194", "4,74"
37884, "225,679154001642", "195", "4,76"
37885, "225,699931901414", "191", "4,66"
37886, "225,706166601274", "195", "4,76"
37887, "225,726771401241", "192", "4,69"
37888, "225,726771401241", "194", "4,74"
37889, "225,733998601325", "195", "4,76"
37890, "225,753094601212", "191", "4,66"
37891, "225,753094601212", "195", "4,76"
37892, "225,774877300719", "192", "4,69"
37893, "225,780880000675", "194", "4,74"
37894, "225,780880000675", "195", "4,76"
37895, "225,799152000574", "192", "4,69"
37896, "225,802580600604", "195", "4,76"
37897, "225,825729500735", "192", "4,69"
37898, "225,825729500735", "194", "4,74"
37899, "225,83414720092", "195", "4,76"
37900, "225,854075100739", "191", "4,66"
37901, "225,854075100739", "195", "4,76"
37902, "225,874352200888", "192", "4,69"
37903, "225,879078900907", "194", "4,74"
37904, "225,879078900907", "195", "4,76"
37905, "225,905923700891", "191", "4,66"
37906, "225,905923700891", "195", "4,76"
37907, "225,953208301216", "192", "4,69"
37908, "225,953208301216", "194", "4,74"
37909, "225,953208301216", "194", "4,74"
37910, "225,959203300998", "191", "4,66"
37911, "225,959203300998", "195", "4,76"
37912, "225,959203300998", "192", "4,69"
37913, "225,976528000785", "194", "4,74"
37914, "226,003466500668", "194", "4,74"
37915, "226,006222100696", "191", "4,66"
37916, "226,006222100696", "195", "4,76"
37917, "226,012223000871", "192", "4,69"
37918, "226,024254200747", "193", "4,71"
37919, "226,030122200726", "194", "4,74"
37920, "226,050411700504", "191", "4,66"
37921, "226,050411700504", "195", "4,76"
37922, "226,074257600587", "192", "4,69"
37923, "226,074257600587", "194", "4,74"
37924, "226,084184800508", "194", "4,74"
37925, "226,103479600279", "191", "4,66"
37926, "226,103479600279", "195", "4,76"
37927, "226,12614540034", "192", "4,69"
37928, "226,12614540034", "193", "4,71"
37929, "226,132526600501", "194", "4,74"
37930, "226,154303900665", "191", "4,66"
37931, "226,160895100562", "195", "4,76"
37932, "226,160895100562", "192", "4,69"
37933, "226,179231000133", "193", "4,71"
37934, "226,201624999987", "194", "4,74"
37935, "226,201624999987", "191", "4,66"
37936, "226,201624999987", "195", "4,76"
37937, "226,22472129995", "192", "4,69"
37938, "226,227802000009", "193", "4,71"
37939, "226,233549899887", "194", "4,74"
37940, "226,252593999961", "191", "4,66"
37941, "226,252593999961", "195", "4,76"
37942, "226,279097899562", "192", "4,69"
37943, "226,279097899562", "194", "4,74"
37944, "226,282575299498", "194", "4,74"
37945, "226,304255800089", "191", "4,66"
37946, "226,304255800089", "195", "4,76"
37947, "226,325641199946", "192", "4,69"
37948, "226,325641199946", "193", "4,71"
37949, "226,332525699865", "194", "4,74"
37950, "226,350916500436", "191", "4,66"
37951, "226,350916500436", "195", "4,76"
37952, "226,376606600825", "192", "4,69"
37953, "226,376606600825", "193", "4,71"
37954, "226,380054300884", "194", "4,74"
37955, "226,39929610095", "191", "4,66"
37956, "226,404384101043", "195", "4,76"
37957, "226,425478001358", "192", "4,69"
37958, "226,425478001358", "193", "4,71"
37959, "226,430845801486", "194", "4,74"
37960, "226,449334901758", "191", "4,66"
37961, "226,452555101831", "195", "4,76"
37962, "226,475731401937", "192", "4,69"
37963, "226,475731401937", "193", "4,71"
37964, "226,484331301879", "194", "4,74"
37965, "226,502470601583", "191", "4,66"
37966, "226,502470601583", "194", "4,74"
37967, "226,529709301656", "192", "4,69"
37968, "226,529709301656", "193", "4,71"
37969, "226,529709301656", "194", "4,74"
37970, "226,550917501329", "191", "4,66"
37971, "226,550917501329", "195", "4,76"
37972, "226,59379280149", "191", "4,66"
37973, "226,59379280149", "193", "4,71"
37974, "226,59379280149", "194", "4,74"
37975, "226,59379280149", "191", "4,66"
37976, "226,603021401446", "194", "4,74"
37977, "226,624283501413", "191", "4,66"
37978, "226,629969301634", "193", "4,71"
37979, "226,632781001739", "194", "4,74"
37980, "226,650521501899", "191", "4,66"
37981, "226,650521501899", "194", "4,74"
37982, "226,674275501631", "191", "4,66"
37983, "226,677346801618", "193", "4,71"
37984, "226,683407201665", "194", "4,74"
37985, "226,701559801819", "190", "4,64"
37986, "226,701559801819", "194", "4,74"
37987, "226,725707201753", "191", "4,66"
37988, "226,725707201753", "193", "4,71"
37989, "226,730888201855", "194", "4,74"
37990, "226,750039702049", "190", "4,64"
37991, "226,755948002217", "194", "4,74"
37992, "226,773694502423", "191", "4,66"
37993, "226,777775202645", "193", "4,71"
37994, "226,783392802579", "193", "4,71"
37995, "226,802513002884", "190", "4,64"
37996, "226,802513002884", "194", "4,74"
37997, "226,826471002772", "191", "4,66"
37998, "226,826471002772", "193", "4,71"
37999, "226,832507302985", "194", "4,74"
38000, "227,006051803008", "190", "4,64"
38001, "227,008850602899", "194", "4,74"
38002, "227,015857303049", "191", "4,66"
38003, "227,015857303049", "193", "4,71"
38004, "227,015857303049", "193", "4,71"
38005, "227,015857303049", "190", "4,64"
38006, "227,015857303049", "194", "4,74"
38007, "227,015857303049", "191", "4,66"
38008, "227,015857303049", "192", "4,69"
38009, "227,015857303049", "193", "4,71"
38010, "227,015857303049", "190", "4,64"
38011, "227,015857303049", "194", "4,74"
38012, "227,015857303049", "191", "4,66"
38013, "227,015857303049", "192", "4,69"
38014, "227,015857303049", "193", "4,71"
38015, "227,015857303049", "190", "4,64"
38016, "227,015857303049", "194", "4,74"
38017, "227,015857303049", "191", "4,66"
38018, "227,019493903033", "192", "4,69"
38019, "227,051702002762", "193", "4,71"
38020, "227,051702002762", "190", "4,64"
38021, "227,051702002762", "194", "4,74"
38022, "227,073577102274", "191", "4,66"
38023, "227,079301802441", "192", "4,69"
38024, "227,079301802441", "193", "4,71"
38025, "227,105087002972", "190", "4,64"
38026, "227,105087002972", "193", "4,71"
38027, "227,125196403125", "191", "4,66"
38028, "227,130915403133", "192", "4,69"
38029, "227,130915403133", "193", "4,71"
38030, "227,149305202765", "190", "4,64"
38031, "227,152587502729", "194", "4,74"
38032, "227,175763503183", "191", "4,66"
38033, "227,175763503183", "192", "4,69"
38034, "227,184241503011", "193", "4,71"
38035, "227,203749702778", "190", "4,64"
38036, "227,230992702534", "193", "4,71"
38037, "227,230992702534", "191", "4,66"
38038, "227,230992702534", "192", "4,69"
38039, "227,233508502599", "193", "4,71"
38040, "227,249028702499", "190", "4,64"
38041, "227,252043602522", "193", "4,71"
38042, "227,274382502772", "191", "4,66"
38043, "227,274382502772", "192", "4,69"
38044, "227,283571803011", "193", "4,71"
38045, "227,301042203093", "190", "4,64"
38046, "227,301042203093", "193", "4,71"
38047, "227,323724403745", "191", "4,66"
38048, "227,323724403745", "192", "4,69"
38049, "227,329572803574", "193", "4,71"
38050, "227,349107903894", "190", "4,64"
38051, "227,354254103731", "193", "4,71"
38052, "227,374613403343", "191", "4,66"
38053, "227,381687703542", "192", "4,69"
38054, "227,381687703542", "193", "4,71"
38055, "227,399199503474", "190", "4,64"
38056, "227,402562003583", "193", "4,71"
38057, "227,425769903697", "191", "4,66"
38058, "227,425769903697", "192", "4,69"
38059, "227,429236603668", "193", "4,71"
38060, "227,45282080397", "190", "4,64"
38061, "227,45282080397", "193", "4,71"
38062, "227,479030103656", "191", "4,66"
38063, "227,479030103656", "192", "4,69"
38064, "227,479030103656", "193", "4,71"
38065, "227,499176903628", "190", "4,64"
38066, "227,502552103717", "193", "4,71"
38067, "227,527417004108", "191", "4,66"
38068, "227,527417004108", "192", "4,69"
38069, "227,532540704124", "193", "4,71"
38070, "227,550801404286", "189", "4,61"
38071, "227,550801404286", "193", "4,71"
38072, "227,579078804702", "190", "4,64"
38073, "227,579078804702", "192", "4,69"
38074, "227,582542904653", "192", "4,69"
38075, "227,599179804558", "190", "4,64"
38076, "227,604419204639", "193", "4,71"
38077, "227,62546390458", "190", "4,64"
38078, "227,62546390458", "192", "4,69"
38079, "227,631866004551", "193", "4,71"
38080, "227,64933600463", "189", "4,61"
38081, "227,652564704651", "193", "4,71"
38082, "227,67437010468", "190", "4,64"
38083, "227,67437010468", "192", "4,69"
38084, "227,68255530484", "192", "4,69"
38085, "227,699322204804", "189", "4,61"
38086, "227,702567104716", "193", "4,71"
38087, "227,724319804227", "190", "4,64"
38088, "227,726958204294", "192", "4,69"
38089, "227,732663904084", "192", "4,69"
38090, "227,752534004161", "189", "4,61"
38091, "227,752534004161", "193", "4,71"
38092, "227,777447604341", "190", "4,64"
38093, "227,780762704322", "192", "4,69"
38094, "227,780762704322", "192", "4,69"
38095, "227,799129104242", "189", "4,61"
38096, "227,804351304192", "193", "4,71"
38097, "227,829120603856", "190", "4,64"
38098, "227,829120603856", "191", "4,66"
38099, "227,829120603856", "192", "4,69"
38100, "227,875682503683", "189", "4,61"
38101, "227,875682503683", "193", "4,71"
38102, "227,882825103821", "190", "4,64"
38103, "227,882825103821", "192", "4,69"
38104, "227,882825103821", "192", "4,69"
38105, "227,899126403965", "189", "4,61"
38106, "227,902565404074", "193", "4,71"
38107, "227,925210603978", "190", "4,64"
38108, "227,930778103881", "191", "4,66"
38109, "227,930778103881", "192", "4,69"
38110, "227,951436904026", "189", "4,61"
38111, "227,951436904026", "193", "4,71"
38112, "227,974306403892", "190", "4,64"
38113, "227,977463003946", "191", "4,66"
38114, "227,98351030401", "192", "4,69"
38115, "228,000782003626", "189", "4,61"
38116, "228,000782003626", "192", "4,69"
38117, "228,024442403577", "190", "4,64"
38118, "228,029245703481", "191", "4,66"
38119, "228,029245703481", "192", "4,69"
38120, "228,053957303287", "189", "4,61"
38121, "228,053957303287", "192", "4,69"
38122, "228,079207903473", "190", "4,64"
38123, "228,079207903473", "191", "4,66"
38124, "228,079207903473", "192", "4,69"
38125, "228,099210003391", "189", "4,61"
38126, "228,103411003482", "192", "4,69"
38127, "228,127504403703", "190", "4,64"
38128, "228,127504403703", "191", "4,66"
38129, "228,130022003781", "192", "4,69"
38130, "228,153552003903", "189", "4,61"
38131, "228,153552003903", "193", "4,71"
38132, "228,174086203799", "190", "4,64"
38133, "228,179101203568", "191", "4,66"
38134, "228,179101203568", "192", "4,69"
38135, "228,202551203314", "189", "4,61"
38136, "228,202551203314", "192", "4,69"
38137, "228,225714703323", "190", "4,64"
38138, "228,225714703323", "191", "4,66"
38139, "228,232529703295", "192", "4,69"
38140, "228,252591703553", "189", "4,61"
38141, "228,252591703553", "192", "4,69"
38142, "228,262485003565", "190", "4,64"
38143, "228,274091803469", "191", "4,66"
38144, "228,300083003938", "192", "4,69"
38145, "228,305992904119", "189", "4,61"
38146, "228,305992904119", "192", "4,69"
38147, "228,329166704556", "190", "4,64"
38148, "228,329166704556", "191", "4,66"
38149, "228,329166704556", "192", "4,69"
38150, "228,349149304675", "189", "4,61"
38151, "228,354301304789", "192", "4,69"
38152, "228,380040604388", "190", "4,64"
38153, "228,380040604388", "191", "4,66"
38154, "228,380040604388", "192", "4,69"
38155, "228,399818504695", "189", "4,61"
38156, "228,405516504776", "192", "4,69"
38157, "228,424834204838", "190", "4,64"
38158, "228,430902404711", "191", "4,66"
38159, "228,430902404711", "192", "4,69"
38160, "228,450043505058", "189", "4,61"
38161, "228,455972105265", "192", "4,69"
38162, "228,480906505371", "190", "4,64"
38163, "228,480906505371", "191", "4,66"
38164, "228,480906505371", "192", "4,69"
38165, "228,507154705469", "189", "4,61"
38166, "228,509679605486", "193", "4,71"
38167, "228,509679605486", "190", "4,64"
38168, "228,526657005306", "191", "4,66"
38169, "228,549486305332", "192", "4,69"
38170, "228,552194005344", "189", "4,61"
38171, "228,552194005344", "193", "4,71"
38172, "228,576574305072", "190", "4,64"
38173, "228,576574305072", "191", "4,66"
38174, "228,582255505025", "192", "4,69"
38175, "228,599145804998", "189", "4,61"
38176, "228,602557505015", "193", "4,71"
38177, "228,624441704946", "190", "4,64"
38178, "228,626882805023", "191", "4,66"
38179, "228,63268160494", "193", "4,71"
38180, "228,649334004615", "189", "4,61"
38181, "228,651838804595", "193", "4,71"
38182, "228,674264104804", "190", "4,64"
38183, "228,67696440476", "192", "4,69"
38184, "228,682700204896", "192", "4,69"
38185, "228,699255704647", "189", "4,61"
38186, "228,702582004713", "193", "4,71"
38187, "228,724492304726", "190", "4,64"
38188, "228,72754580481", "191", "4,66"
38189, "228,732651405036", "192", "4,69"
38190, "228,75257370458", "189", "4,61"
38191, "228,75257370458", "193", "4,71"
38192, "228,774318305077", "190", "4,64"
38193, "228,774318305077", "192", "4,69"
38194, "228,783341604983", "193", "4,71"
38195, "228,800909305224", "190", "4,64"
38196, "228,800909305224", "193", "4,71"
38197, "228,824355105171", "191", "4,66"
38198, "228,829209105344", "192", "4,69"
38199, "228,832511605229", "193", "4,71"
38200, "228,853406205308", "189", "4,61"
38201, "228,853406205308", "193", "4,71"
38202, "228,879088604823", "191", "4,66"
38203, "228,879088604823", "192", "4,69"
38204, "228,879088604823", "193", "4,71"
38205, "228,905995805049", "189", "4,61"
38206, "228,905995805049", "193", "4,71"
38207, "228,925713305129", "191", "4,66"
38208, "228,925713305129", "192", "4,69"
38209, "228,929112605052", "193", "4,71"
38210, "228,953411705326", "189", "4,61"
38211, "228,953411705326", "193", "4,71"
38212, "228,97497040499", "191", "4,66"
38213, "228,980940804817", "192", "4,69"
38214, "228,980940804817", "193", "4,71"
38215, "229,000131404726", "190", "4,64"
38216, "229,000131404726", "193", "4,71"
38217, "229,024644004647", "191", "4,66"
38218, "229,030965004582", "192", "4,69"
38219, "229,030965004582", "193", "4,71"
38220, "229,050281604519", "189", "4,61"
38221, "229,056162504712", "193", "4,71"
38222, "229,074336404447", "191", "4,66"
38223, "229,077168404358", "192", "4,69"
38224, "229,082500504563", "193", "4,71"
38225, "229,100852904143", "189", "4,61"
38226, "229,100852904143", "193", "4,71"
38227, "229,114305203781", "191", "4,66"
38228, "229,157153903972", "192", "4,69"
38229, "229,157153903972", "193", "4,71"
38230, "229,157153903972", "189", "4,61"
38231, "229,159870103933", "193", "4,71"
38232, "229,159870103933", "191", "4,66"
38233, "229,173888003686", "192", "4,69"
38234, "229,182460403768", "193", "4,71"
38235, "229,199191503925", "189", "4,61"
38236, "229,201712803915", "193", "4,71"
38237, "229,224171804264", "190", "4,64"
38238, "229,226686604321", "192", "4,69"
38239, "229,232460704166", "193", "4,71"
38240, "229,249145803973", "189", "4,61"
38241, "229,251922203926", "193", "4,71"
38242, "229,273984204046", "190", "4,64"
38243, "229,276690304046", "192", "4,69"
38244, "229,282694704132", "193", "4,71"
38245, "229,299140304327", "189", "4,61"
38246, "229,302036704263", "193", "4,71"
38247, "229,324204603909", "191", "4,66"
38248, "229,324204603909", "191", "4,66"
38249, "229,332553203916", "192", "4,69"
38250, "229,350792803802", "189", "4,61"
38251, "229,350792803802", "193", "4,71"
38252, "229,376646203687", "190", "4,64"
38253, "229,376646203687", "191", "4,66"
38254, "229,37920720363", "192", "4,69"
38255, "229,402133604279", "189", "4,61"
38256, "229,402133604279", "193", "4,71"
38257, "229,427973104175", "190", "4,64"
38258, "229,427973104175", "191", "4,66"
38259, "229,43068640423", "193", "4,71"
38260, "229,453985304339", "189", "4,61"
38261, "229,453985304339", "193", "4,71"
38262, "229,479315704666", "190", "4,64"
38263, "229,479315704666", "192", "4,69"
38264, "229,479315704666", "192", "4,69"
38265, "229,504906504648", "189", "4,61"
38266, "229,504906504648", "193", "4,71"
38267, "229,530105204787", "190", "4,64"
38268, "229,530105204787", "191", "4,66"
38269, "229,530105204787", "192", "4,69"
38270, "229,554031405132", "189", "4,61"
38271, "229,554031405132", "193", "4,71"
38272, "229,577592005488", "190", "4,64"
38273, "229,577592005488", "191", "4,66"
38274, "229,582514005713", "192", "4,69"
38275, "229,600021005375", "189", "4,61"
38276, "229,602817305364", "193", "4,71"
38277, "229,629132005386", "190", "4,64"
38278, "229,629132005386", "191", "4,66"
38279, "229,632429405348", "192", "4,69"
38280, "229,649167705094", "189", "4,61"
38281, "229,652588605182", "193", "4,71"
38282, "229,676538904896", "190", "4,64"
38283, "229,676538904896", "191", "4,66"
38284, "229,679932504892", "192", "4,69"
38285, "229,6992495046", "189", "4,61"
38286, "229,704346404411", "192", "4,69"
38287, "229,726560004754", "190", "4,64"
38288, "229,726560004754", "191", "4,66"
38289, "229,732473504962", "192", "4,69"
38290, "229,74956930452", "189", "4,61"
38291, "229,752600204432", "193", "4,71"
38292, "229,789366004523", "190", "4,64"
38293, "229,789366004523", "191", "4,66"
38294, "229,792380604427", "192", "4,69"
38295, "229,797514704522", "189", "4,61"
38296, "229,800075304462", "192", "4,69"
38297, "229,826202404918", "190", "4,64"
38298, "229,826202404918", "191", "4,66"
38299, "229,832543905126", "192", "4,69"
38300, "229,850207805401", "189", "4,61"
38301, "229,850207805401", "192", "4,69"
38302, "229,87435110542", "190", "4,64"
38303, "229,877397005446", "191", "4,66"
38304, "229,883415305521", "192", "4,69"
38305, "229,900644805282", "189", "4,61"
38306, "229,900644805282", "192", "4,69"
38307, "229,925707605202", "190", "4,64"
38308, "229,925707605202", "191", "4,66"
38309, "229,929191105301", "192", "4,69"
38310, "229,951638704864", "188", "4,59"
38311, "229,951638704864", "192", "4,69"
38312, "229,977585404646", "190", "4,64"
38313, "229,977585404646", "191", "4,66"
38314, "229,980788704706", "192", "4,69"
38315, "230,002628904535", "189", "4,61"
38316, "230,002628904535", "192", "4,69"
38317, "230,027544704499", "190", "4,64"
38318, "230,027544704499", "191", "4,66"
38319, "230,035940804286", "192", "4,69"
38320, "230,052699104417", "188", "4,59"
38321, "230,052699104417", "192", "4,69"
38322, "230,074733704329", "190", "4,64"
38323, "230,079148304183", "191", "4,66"
38324, "230,079148304183", "192", "4,69"
38325, "230,099151304225", "188", "4,59"
38326, "230,104531704215", "192", "4,69"
38327, "230,125759404153", "190", "4,64"
38328, "230,125759404153", "191", "4,66"
38329, "230,130877904128", "192", "4,69"
38330, "230,149973904248", "188", "4,59"
38331, "230,155986104161", "192", "4,69"
38332, "230,175724904286", "190", "4,64"
38333, "230,175724904286", "191", "4,66"
38334, "230,182474704226", "192", "4,69"
38335, "230,202623604331", "188", "4,59"
38336, "230,202623604331", "192", "4,69"
38337, "230,226735604228", "189", "4,61"
38338, "230,226735604228", "191", "4,66"
38339, "230,234224904096", "192", "4,69"
38340, "230,251752304379", "188", "4,59"
38341, "230,251752304379", "192", "4,69"
38342, "230,277476205025", "189", "4,61"
38343, "230,277476205025", "191", "4,66"
38344, "230,280878605088", "192", "4,69"
38345, "230,302735604579", "188", "4,59"
38346, "230,302735604579", "192", "4,69"
38347, "230,329928005114", "190", "4,64"
38348, "230,329928005114", "190", "4,64"
38349, "230,329928005114", "192", "4,69"
38350, "230,349190405104", "188", "4,59"
38351, "230,35257390514", "192", "4,69"
38352, "230,376658605644", "189", "4,61"
38353, "230,376658605644", "190", "4,64"
38354, "230,379504705546", "191", "4,66"
38355, "230,405541105429", "188", "4,59"
38356, "230,405541105429", "192", "4,69"
38357, "230,439354604809", "189", "4,61"
38358, "230,439354604809", "190", "4,64"
38359, "230,439354604809", "192", "4,69"
38360, "230,442002204712", "188", "4,59"
38361, "230,449304104783", "192", "4,69"
38362, "230,474759904901", "189", "4,61"
38363, "230,474759904901", "190", "4,64"
38364, "230,483580304775", "191", "4,66"
38365, "230,500694104936", "188", "4,59"
38366, "230,500694104936", "192", "4,69"
38367, "230,525752805406", "189", "4,61"
38368, "230,525752805406", "190", "4,64"
38369, "230,529086805414", "191", "4,66"
38370, "230,551668705419", "188", "4,59"
38371, "230,551668705419", "192", "4,69"
38372, "230,577605705475", "189", "4,61"
38373, "230,577605705475", "190", "4,64"
38374, "230,580768605461", "191", "4,66"
38375, "230,602595505072", "188", "4,59"
38376, "230,602595505072", "191", "4,66"
38377, "230,62755250535", "189", "4,61"
38378, "230,62755250535", "190", "4,64"
38379, "230,629924105247", "191", "4,66"
38380, "230,652642805362", "188", "4,59"
38381, "230,652642805362", "191", "4,66"
38382, "230,677436605096", "189", "4,61"
38383, "230,677436605096", "190", "4,64"
38384, "230,682449205313", "191", "4,66"
38385, "230,699198405258", "188", "4,59"
38386, "230,702607705258", "191", "4,66"
38387, "230,724360905588", "189", "4,61"
38388, "230,726761905476", "190", "4,64"
38389, "230,732431605458", "191", "4,66"
38390, "230,749195805052", "188", "4,59"
38391, "230,752572405152", "191", "4,66"
38392, "230,777400505263", "189", "4,61"
38393, "230,777400505263", "190", "4,64"
38394, "230,779927905183", "191", "4,66"
38395, "230,800857305061", "188", "4,59"
38396, "230,800857305061", "191", "4,66"
38397, "230,826669904869", "189", "4,61"
38398, "230,826669904869", "190", "4,64"
38399, "230,835097104777", "191", "4,66"
38400, "230,852713104803", "187", "4,57"
38401, "230,852713104803", "191", "4,66"
38402, "230,877528404584", "189", "4,61"
38403, "230,877528404584", "190", "4,64"
38404, "230,879964904627", "191", "4,66"
38405, "230,902514904505", "187", "4,57"
38406, "230,902514904505", "191", "4,66"
38407, "230,927538004238", "189", "4,61"
38408, "230,927538004238", "189", "4,61"
38409, "230,929954604246", "191", "4,66"
38410, "230,952669104561", "187", "4,57"
38411, "230,952669104561", "191", "4,66"
38412, "230,979137404123", "188", "4,59"
38413, "230,979137404123", "189", "4,61"
38414, "230,979137404123", "191", "4,66"
38415, "231,00488910405", "187", "4,57"
38416, "231,00488910405", "191", "4,66"
38417, "231,025715003954", "188", "4,59"
38418, "231,025715003954", "189", "4,61"
38419, "231,032426504185", "191", "4,66"
38420, "231,067481604172", "187", "4,57"
38421, "231,070566204144", "191", "4,66"
38422, "231,070566204144", "188", "4,59"
38423, "231,070566204144", "190", "4,64"
38424, "231,10449950397", "191", "4,66"
38425, "231,10449950397", "187", "4,57"
38426, "231,107103504008", "191", "4,66"
38427, "231,113337704213", "189", "4,61"
38428, "231,124639304122", "189", "4,61"
38429, "231,149370103609", "191", "4,66"
38430, "231,155470303725", "187", "4,57"
38431, "231,155470303725", "191", "4,66"
38432, "231,175155703677", "188", "4,59"
38433, "231,180836803513", "189", "4,61"
38434, "231,180836803513", "191", "4,66"
38435, "231,200005503837", "187", "4,57"
38436, "231,20599560393", "191", "4,66"
38437, "231,226574503584", "188", "4,59"
38438, "231,226574503584", "189", "4,61"
38439, "231,232560103526", "191", "4,66"
38440, "231,25253450335", "187", "4,57"
38441, "231,25253450335", "191", "4,66"
38442, "231,277449803427", "188", "4,59"
38443, "231,277449803427", "189", "4,61"
38444, "231,282670403365", "191", "4,66"
38445, "231,301121603698", "187", "4,57"
38446, "231,301121603698", "191", "4,66"
38447, "231,312405704055", "188", "4,59"
38448, "231,332825304475", "189", "4,61"
38449, "231,332825304475", "190", "4,64"
38450, "231,350837604608", "187", "4,57"
38451, "231,350837604608", "191", "4,66"
38452, "231,374338804279", "188", "4,59"
38453, "231,377363504376", "189", "4,61"
38454, "231,382527704351", "190", "4,64"
38455, "231,399230504408", "187", "4,57"
38456, "231,402620404493", "191", "4,66"
38457, "231,424392404733", "188", "4,59"
38458, "231,426808504621", "189", "4,61"
38459, "231,432720204582", "191", "4,66"
38460, "231,449236204848", "187", "4,57"
38461, "231,452593504917", "191", "4,66"
38462, "231,476501204772", "188", "4,59"
38463, "231,476501204772", "189", "4,61"
38464, "231,481974804541", "190", "4,64"
38465, "231,498957904521", "187", "4,57"
38466, "231,502179104602", "191", "4,66"
38467, "231,524794004858", "188", "4,59"
38468, "231,530845005065", "189", "4,61"
38469, "231,530845005065", "190", "4,64"
38470, "231,550017504953", "187", "4,57"
38471, "231,555978205055", "191", "4,66"
38472, "231,575371805113", "188", "4,59"
38473, "231,575371805113", "189", "4,61"
38474, "231,58092290489", "190", "4,64"
38475, "231,600109405117", "187", "4,57"
38476, "231,60600820533", "191", "4,66"
38477, "231,62569330493", "188", "4,59"
38478, "231,62569330493", "189", "4,61"
38479, "231,630870904773", "190", "4,64"
38480, "231,654372004792", "187", "4,57"
38481, "231,654372004792", "191", "4,66"
38482, "231,67751690466", "188", "4,59"
38483, "231,67751690466", "189", "4,61"
38484, "231,680816404754", "190", "4,64"
38485, "231,715849604458", "187", "4,57"
38486, "231,715849604458", "190", "4,64"
38487, "231,721005204599", "188", "4,59"
38488, "231,721005204599", "189", "4,61"
38489, "231,749130504904", "190", "4,64"
38490, "231,752546904841", "187", "4,57"
38491, "231,752546904841", "191", "4,66"
38492, "231,776602604892", "188", "4,59"
38493, "231,776602604892", "189", "4,61"
38494, "231,779526404804", "190", "4,64"
38495, "231,802615804831", "187", "4,57"
38496, "231,802615804831", "190", "4,64"
38497, "231,827671404695", "188", "4,59"
38498, "231,827671404695", "189", "4,61"
38499, "231,830043304712", "190", "4,64"
38500, "231,852543804562", "187", "4,57"
38501, "231,852543804562", "190", "4,64"
38502, "231,877529304475", "188", "4,59"
38503, "231,877529304475", "189", "4,61"
38504, "231,880025704391", "190", "4,64"
38505, "231,902612404199", "186", "4,54"
38506, "231,902612404199", "190", "4,64"
38507, "231,92661700421", "188", "4,59"
38508, "231,92661700421", "189", "4,61"
38509, "231,930025604321", "190", "4,64"
38510, "231,95104660443", "186", "4,54"
38511, "231,95104660443", "190", "4,64"
38512, "231,974754704628", "188", "4,59"
38513, "231,977465304546", "189", "4,61"
38514, "231,982702704612", "190", "4,64"
38515, "231,999123904388", "187", "4,57"
38516, "232,001467404421", "190", "4,64"
38517, "232,025763504673", "188", "4,59"
38518, "232,025763504673", "188", "4,59"
38519, "232,033491704846", "190", "4,64"
38520, "232,049191504484", "186", "4,54"
38521, "232,05557370442", "190", "4,64"
38522, "232,075754904654", "188", "4,59"
38523, "232,075754904654", "188", "4,59"
38524, "232,080962304492", "190", "4,64"
38525, "232,099474704592", "186", "4,54"
38526, "232,105446604779", "190", "4,64"
38527, "232,124474904733", "188", "4,59"
38528, "232,130117904628", "188", "4,59"
38529, "232,130117904628", "190", "4,64"
38530, "232,153008504771", "186", "4,54"
38531, "232,153008504771", "190", "4,64"
38532, "232,176662304439", "187", "4,57"
38533, "232,176662304439", "188", "4,59"
38534, "232,180117304437", "190", "4,64"
38535, "232,201708504697", "186", "4,54"
38536, "232,201708504697", "190", "4,64"
38537, "232,225841604639", "187", "4,57"
38538, "232,225841604639", "188", "4,59"
38539, "232,22926380462", "190", "4,64"
38540, "232,252624704735", "186", "4,54"
38541, "232,252624704735", "190", "4,64"
38542, "232,276573604671", "187", "4,57"
38543, "232,276573604671", "188", "4,59"
38544, "232,279208204709", "189", "4,61"
38545, "232,300934204832", "186", "4,54"
38546, "232,300934204832", "190", "4,64"
38547, "232,350963204866", "187", "4,57"
38548, "232,353545304853", "188", "4,59"
38549, "232,353545304853", "189", "4,61"
38550, "232,360191304702", "186", "4,54"
38551, "232,360191304702", "190", "4,64"
38552, "232,360191304702", "187", "4,57"
38553, "232,377357504563", "188", "4,59"
38554, "232,399523004424", "189", "4,61"
38555, "232,405955804512", "186", "4,54"
38556, "232,405955804512", "190", "4,64"
38557, "232,424284904497", "187", "4,57"
38558, "232,427431004588", "188", "4,59"
38559, "232,43335590465", "189", "4,61"
38560, "232,453654305078", "185", "4,52"
38561, "232,459965205286", "189", "4,61"
38562, "232,477557905484", "187", "4,57"
38563, "232,477557905484", "188", "4,59"
38564, "232,479999005562", "189", "4,61"
38565, "232,502970805857", "185", "4,52"
38566, "232,502970805857", "189", "4,61"
38567, "232,52668710635", "187", "4,57"
38568, "232,52668710635", "188", "4,59"
38569, "232,529940306442", "189", "4,61"
38570, "232,560806906084", "185", "4,52"
38571, "232,560806906084", "190", "4,64"
38572, "232,565883806208", "187", "4,57"
38573, "232,576064306078", "188", "4,59"
